Nama_Obat;HPP;Stock
BALI ALUS LIP BALM 4GR VANILA;17.094,00;0,00
SENSODYNE COOL GEL 160GR;42.735,00;1,00
CETAPHIL BRIGHT HRB DAY CREAM;207.221,00;0,00
BALI ALUS HAIR VITAMIN ALOEVERA ARGAN 30 ML;42.000,00;0,00
MAKARIZO HAIR FRAGRANCE CHERRY BLOSSOM 100ML;23.800,00;2,00
FISHERMAN FRIEND ORIGINAL SF;16.681,18;0,00
PASEO POCKET 9 SHEET;2.500,00;0,00
HANSAPLAST AQUA PROTECT 3 XL;95.999,46;0,00
NIVEA DEO ROLL ON PEARL & BEAUTY 50 ML;21.090,00;4,00
LEUKOMED 7.2 X 5;5.050,50;0,00
SAFE CARE REFRESHING OIL 30ML;30.750,33;0,00
BALI ALUS BATHSALT 150 GR GREEN TEA;20.202,00;2,00
LIFREE CELANA EXTRA XL3;46.177,00;1,00
DETTOL SENSITIVE WIPE 50 SACHET;39.180,59;0,00
FIESTA NEW PARTY PACK @12;42.957,00;1,00
PURE BABY MULTIPURPOSE WIPES @50;9.838,50;0,00
BAYMED KRUK KETIAK L;179.999,82;0,00
MASKER BIRU KARET ECER;5.000,00;3,00
NUFACE SUN PROTECT CE SPF 30;34.899,97;2,00
CBD KERATIN PRO HAIR MASK SACH;8.650,23;0,00
BALI DANCE MASSAGE OIL JASMINE;43.799,49;0,00
PANTENE KON RAMBUT RUSAK 75ML;16.300,00;0,00
SISIR KESEHATAN RAMBUT OVAL PREMIUM;17.899,00;8,00
SALSA SPONS MANDI;9.180,00;0,00
MADU ENAK PURE 350 GR;35.200,00;0,00
KOPI HERKULES SACHET @5;155.400,00;0,00
BALI DANCE AROMATHERPY FRANGIPANGI 10 ML;44.799,60;2,00
SOYJOY TROPICAL CHANBERRIES;8.378,00;0,00
CIPTADENT MEDIUM EXTRA CLEAN;3.200,00;0,00
BALI ALUS LIP BALM 4GR TANGERIN;17.094,00;0,00
MY BABY PWD BIANG KERINGAT 150GR;8.275,00;0,00
FIESTA WATERMELON SUGAR @3;12.654,00;6,00
MAKARIZO HAIR FRAGRANCE MORNING DEW 100ML;23.800,00;0,00
PEPSODENT F.C MINT 190GR;15.728,00;0,00
FISHERMAN FRIEND MINT LOZENGES SF;16.681,18;5,00
PASEO ULTRASOFT 40S;6.000,00;0,00
LEUKOMED T PLUS (10 CMX25 CM);46.564,50;2,00
SKIN BRIGHT SERUM;128.621,00;0,00
SENSODYNE GENTLE WHITENING 100G;32.079,00;0,00
BALI ALUS BATHSALT 150 GR JASMINE;20.202,00;0,00
LIFREE CELANA TIPIS M5;44.212,41;1,00
DETTOL CITRUS SPRAY 50 ML;17.733,17;0,00
FIESTA MIX VARIANT GEL @3;9.990,00;1,00
NIVEA MEN BLACK & WHITE INV 24X150 ML;48.840,00;0,00
PURE BABY RASH CREAM 15 GR;23.855,01;0,00
ALLERCYL SYRUP 60ML;9.000,00;1,00
BAYMED KRUK KETIAK S;179.999,82;0,00
MIRANDA HAIR COLOUR YELLOW MC-12;17.250,51;4,00
CBD KERATIN PRO HAIR VIT DAILY 100ML;59.650,29;2,00
BALI DANCE MASSAGE OIL GREEN TEA;43.799,49;5,00
LIFEBUOY BW TOTAL 10 100GR;14.900,00;0,00
SISIR KESEHATAN RAMBUT;15.899,00;9,00
FLUIMUCIL EFF TABLET 600 MG 10'S;17.427,00;0,00
PISAU CUKUR ALIS;1.650,00;0,00
HANSAPLAST ROLL KAIN 1,25 X 1 M (1989);5.049,40;3,00
CUSSON BABY PWD 100GR;5.800,00;0,00
SYUGA MINYAK VCO;29.970,00;2,00
BALI DANCE AROMATHERPY CHAMOMILE 10 ML;44.799,60;2,00
ALTAMED NITRILE SIZE L (BLACK);88.800,00;2,00
SOYJOY MOCHACHOCO CASHEW;8.378,00;2,00
NYU NATURAL BLEACH;14.300,00;0,00
BALI ALUS LIP BALM 4GR PEPPERMINT;17.094,00;0,00
MY BABY PWD CALM & RELAX 90GR;5.975,00;0,00
VITACIMIN SWEETLETS TAB @20;860,25;0,00
FISHERMAN FRIEND BLACKCURRANT;16.681,18;8,00
PASEO SMART 250S;9.000,00;0,00
LEUKOMED (8,0X10 CM);9.934,50;0,00
HANSAPLAST ROLL PLESTER 1M X 10;57.319,00;0,00
CBD COLLAGEN REPAIR COND 250ML;47.149,47;3,00
IMPLORA PENSIL ALIS SIKAT RAUT;6.500,00;0,00
BALI ALUS BATHSALT 150 GR LAVENDER;20.202,00;0,00
TADALAFIL 20MG;57.165,00;6,00
LIFREE CELANA EXTRA M5;44.212,00;0,00
NIVEA MEN COOLKICK BLUE SPRAY;48.840,00;4,00
BANANA B. SIMPLY PROTECT BABY LOT SPF 50+;215.000,00;0,00
BAYMED KRUK KETIAK M;179.999,82;0,00
MIRANDA HAIR COLOUR FLO RED MC-7;17.250,51;4,00
HERBORIST BODY WASH FRANGI 250ML;32.816,68;0,00
BALI DANCE MASSAGE OIL FRANGI;43.799,49;1,00
PEPSODENT ACTION COMPLETE 75GR;9.300,00;0,00
EVELYN NAIL POLIS REMOVE;7.605,94;0,00
IMPLORA ICARE STRABERRY KUDA PONY;3.793,00;0,00
CUSSON BABY PWD MILD GENTLE 75G;5.800,00;0,00
PARAMAU BALM 30 GR;116.550,00;-2,00
PURE BB TOUNGE GUM WIPES ORIGINAL;24.000,42;1,00
BALI DANCE AROMATHERPY CHAMPACA 10 ML;44.799,60;2,00
SOYJOY DANIS CHEESE;8.378,00;3,00
CIPTADENT TC SOFT;2.425,00;0,00
BALI ALUS INCENSE STICK YLANG YLANG;17.094,00;0,00
VITACIMIN FRUIT PUNCH TAB @20;860,25;0,00
VIVO LITTLE BUNNY BLUE;94.350,00;0,00
FRESH CARE SMASH MATCHA;12.831,60;0,00
FISHERMAN FRIEND ORIGINAL EXTRA STRONG;16.372,50;7,00
LEUKOMED T PLUS (5,0X7,2);11.599,50;1,00
MARIMER NASAL SPRAY;148.629,00;0,00
HERBORIST LLR COCONUT 100GR;18.649,11;2,00
BALI ALUS BATHSALT 150 GR SANDALWOOD;20.202,00;0,00
VEET HAIR REMOVER 25G;23.802,09;0,00
ALTAMED GLOVE SIZE S @10;34.410,00;8,00
SUNBLOCK ZINC (L);154.723,00;3,00
LIFREE CELANA EXTRA L4;46.177,00;1,00
PASEO WIPES ANTIBACTERIAL 50S;9.400,00;0,00
DETTOL WIPES @50;39.180,59;5,00
SAFEGLOVE NITRIL BLACK M;55.000,50;0,00
MIRANDA HAIR COLOUR BLEACHING MC-6;17.250,51;3,00
HERBORIST BODY WASH ALOE VERA 250ML;32.816,68;0,00
DARYAZINC SYR;36.075,00;0,00
BALI BOAT SPF 50 SPRAY 100ML;155.799,60;2,00
PEPSODENT HERBAL 75+25G;8.000,00;0,00
CALLUS SHAVE KIKIR KAKI;10.438,44;0,00
IMPLORA ICARE MELON KOALA;3.793,00;0,00
CUSSON BABY PWD FRESH NOURISH 75+25G;5.800,00;0,00
PARAMAU OIL 100 ML;155.400,00;0,00
BALI DANCE AROMATHERPY CANANGA 10 ML;44.799,60;2,00
SOYJOY STRAWBERRY;8.378,00;2,00
BALI ALUS INCENSE STICK VANILA;17.094,00;0,00
PRIVE URI-CRAN @10;61.993,50;2,00
VITACIMIN ORANGE TAB @20;860,25;0,00
SIKAT HALUS TELAPAK KAKI;8.788,00;0,00
STATURE METER 2M ONEMED;36.800,00;0,00
SHICK EXACTA INTUTION SENSITIVE CARE;60.500,55;5,00
HERBORIST LLR WHT ALOE VERA 100GR;18.649,11;2,00
HANSAPLAST SECOND SKIN PROTECT XL 3'S;59.999,94;4,00
SUNBLOCK ZINC (S);84.723,00;2,00
PHYSIOMER HYPERTONIC DWS;221.889,00;0,00
MITU BABY WIPES ANTISEPTIC 45 SHT;7.850,00;0,00
SUTRA GERIGI ECONO PACK 3+1S;7.972,02;17,00
ANDALAN MIDSTREAM TES KEHAMILAN;19.207,00;0,00
DETTOL WIPES @10;11.258,79;11,00
ONEMED ELASTO ONE 8X4;21.000,09;0,00
MIRANDA HAIR COLOUR PINK MC-5;17.250,51;4,00
HERBORIST BODY WASH ZAITUN 250ML;31.900,01;3,00
BALI BOAT SPF 30 SPRAY 100ML;112.800,42;1,00
PEPSODENT 75GR;4.800,00;0,00
PLASTIK WRAP PEMBUNGKUS MAKANAN;201.188,00;2,00
IMPLORA ICARE BANANA MONYET;3.793,00;0,00
DODO COTTON BUDS BTL 128;6.700,00;0,00
VIVO LITTLE BUNNY PINK;99.900,00;2,00
SOYJOY RAISIN ALMOND;8.378,00;3,00
CORTAVAS 20MG;13.586,40;0,00
FIXOMUL TRANSP 5X20;62.294,00;4,00
BALI ALUS INCENSE STICK LAVENDER;17.094,00;0,00
FIESTA BLACK COFFEE @3;12.654,00;5,00
VITACIMIN BLUE BERRY TAB @20;860,25;0,00
SENSODYNE DEEP CLEAN 100GR;30.414,00;0,00
KERTAS PERKAMEN PEMBUNGKUS OBAT;4.200,00;0,00
BANANA BOAT AQUA BRIGHTNING UV PROT SUNS SPF 50;186.000,48;2,00
HERBORIST LLR FRANGIPANGI 100GR;18.650,03;2,00
HANASUI ANTI ACNE 20ML;23.499,81;0,00
HANSAPLAST SECOND SKIN PROTEC REG 6'S;59.999,94;4,00
CARNATION FOOTCARE CORN;66.500,00;0,00
EUCALYPTUS AROMATHERAPY ROLL ON 15 ML CAP LANG;6.350,31;0,00
PHYSIOMER BABY;203.130,00;0,00
MITU BABY WIPES BLOSSOM BERRY 10 SHT;2.750,00;0,00
SUTRA GERIGI ECONO PACK 12+3S;28.354,95;8,00
SISIR 1/2 BLOW 144 C;20.000,00;0,00
FAMILY DR BELT SILK XL;252.000,00;0,00
ONEMED ELASTO ONE 4X4;14.499,93;0,00
HANASUI VITAMIN C+COLLAGEN SERUM RENEW;23.499,81;31,00
MIRANDA HAIR COLOUR ORIGINAL MC-4;17.250,51;4,00
HERBORIST BODY LOTION COCONUT 145ML;24.400,02;2,00
CBD COLOR SHIELD HAIR MASK 35GR;8.999,88;0,00
SIKAT GIGI SENSODYNE SENSITIVE EXTRA SOFT @3 PCS;10.656,00;6,00
MIRANDA HAIR COLOR PASTEL SERIES;16.537,89;0,00
MOKSA EXTRA VCO 100ML;82.500,00;0,00
MY BABY PWD NOURISH & SMOOTH 150G;8.275,00;2,00
JOLLY FACIAL TISSUE 2 PLY @ 250;10.000,00;0,00
NATRACARE ORG TAMPON SUPER+APP @16;163.152,00;8,00
DODO COTTON BUDS BTL 138;6.600,00;0,00
ELLIPS DRY SHAMPOO FRUITY 200ML;68.199,51;0,00
HERBORIST ALOE VERA 250GR;69.800,13;3,00
MOUNJARO KWIKPEN @2,5MG;2.775.000,00;1,00
COCONI MOSQUITO REPELLENT PATCH;11.706,67;11,00
BALI ALUS INCENSE STICK JASMINE;17.094,00;0,00
HYPAFIX SKIN SENSITIF 5X5;159.147,00;1,00
JOINFIT EXTRA GEL 30GR;66.544,50;0,00
DOUBLE SPIKE ONE MED;3.350,00;0,00
SANBE HAIR;251.193,00;2,00
STREPSILS COOL @12;20.749,00;0,00
NECK HEAT;17.254,95;8,00
HERBORIST LLR BERAS 100GR;18.649,11;2,00
KAOS KAKI STOCKING VARISES XXL;79.903,00;1,00
ZOLTA 10MG;7.770,00;0,00
MITU BABY WIPES ANTISEPTIC 10 SHT;6.100,00;0,00
SUTRA 003 SUPER TIPIS @2;12.210,00;17,00
LIFREE POPOK PEREKAT XL6;40.819,00;2,00
GATSBY STYLING POMADE 80G;29.000,00;0,00
MY BABY PWD HEALTHY & PROTECT 150G;8.550,00;0,00
FAMILY DR BELT BASIC L;329.000,00;1,00
ONEMED ELASTO ONE 12X4;27.500,25;0,00
HANASUI POWER BRIGHT  EXPERT SERUM 20ML;27.500,25;30,00
MIRANDA HAIR COLOUR BLUE MC-2;17.250,51;4,00
HERBORIST BODY LOTION FRANGIPA 145ML;24.400,02;2,00
CBD COLOR SHIELD HAIR VIT 100ML;60.149,79;1,00
AXE GOLD  TEMPTATION 87GR;31.300,00;0,00
IKAT RAMBUT KOREA;10.987,89;0,00
MY BABY PWD FRESH & MOIST 150G;8.275,00;1,00
NATRACARE ORG TAMPON REG+APP @16;156.354,00;3,00
PEPSODENT SG NANOSOFT;14.200,00;0,00
NUTRIWELL MAGNESIUM GLYCINATE @30 CAPS;230.000,00;0,00
TISSUE KANOE;7.899,87;40,00
HIT AEROSOL LILY BLOSSOM 150 ML;12.000,00;0,00
BALI ALUS INCENSE STICK FRANGIPANGI;17.094,00;0,00
SIKAT GIGI SENSODYNE SENSITIVE  EXTRA SOFT @ 1 PCS;11.100,00;1,00
BOTOL PLASTIK 30ML CUP;1.750,00;0,00
BACK HEAT;17.254,95;23,00
HERBORIST LOT RASP 180ML;28.899,58;1,00
HERBORIST LLR ZAITUN 100GR;18.650,03;2,00
KAOS KAKI STOCKING VARISES L-XL;75.682,00;1,00
ZEPHANAL CAP@30;4.440,00;0,00
SENSITIF DIGITAL MULTI USE;201.817,98;0,00
PANTENE SHP NATURE CARE 70ML;16.700,00;0,00
PURE BB H&M ALOE VERA 10'S;10.451,76;0,00
LIFREE POPOK PEREKAT M8;40.819,00;1,00
VOMIGO 8 MG;26.640,00;0,00
GATSBY SIDE SWEPT POMADE 75G;29.000,00;0,00
CALM 1 MG;13.500,00;270,00
FAMILY DR WRIST BLACK L;101.000,01;1,00
ONEMED ELASTO ONE 10X4;24.499,92;0,00
MIRANDA HAIR COLOUR N.BLACK MC-1;17.250,51;4,00
HERBORIST BODY LOTION ZAITUN 145ML;23.649,66;4,00
CBD COLOR SHIELD MASK 250ML;62.150,01;3,00
AXE BLACK SPRAY 135ML;31.000,00;0,00
IKAT RAMBUT KARET DONAT;2.000,00;0,00
SIKAT GIGI FORMULA RIPPLE SOFT;3.663,00;0,00
EMBALASE RAD;0,00;-16,00
IKAT RAMBUT UNYIL WARNA WARNI;2.703,00;10,00
MITU BABY WIPES LIVELY VANILA @ 50 SHT;7.050,00;0,00
NUTRAFOR MELATONIN;18.870,00;5,00
BALI ALUS INCENSE STICK LEMONGRAS;17.094,00;0,00
ASEPTIC GEL 500ML ONEMED;37.900,00;0,00
SOFFEL TUBE GERANIUM @50GR;9.146,00;0,00
MICELLY REFRESHING FACIAL;12.875,00;2,00
GATSBY SIDE BLOW HITAM 75GR;22.000,00;0,00
HERBORIST LLR GREEN TEA 100GR;18.649,11;1,00
HYTROZ 1MG;3.800,00;0,00
KEPALA CHARGER V;0,00;0,00
MERLOPAM 2 MG TAB @100;4.440,00;0,00
LIFEBUOY BW LEMONFRESH 100ML;16.800,00;2,00
LIFREE CELANA TIPIS XL6;66.656,00;3,00
VOMIGO 4MG;18.870,00;0,00
TIMBANGAN BADAN BR2015;99.499,96;0,00
FAMILY DR WRIST BLACK M;101.000,01;2,00
ONEMED DERMAFIX T 10X8;5.100,45;0,00
EMBALASE MERLO;0,00;-1,00
TONGKAT LURUS LIPAT;110.001,00;1,00
HERBORIST LOT APPLE BODY SERUM 80ML;13.149,98;2,00
ADAPTER SAMSUNG;16.650,00;0,00
CBD KERATIN PRO HAIR MASK 250ML;61.650,51;1,00
PANTENE SHP HITAM GLOW 70ML;16.400,00;0,00
ACTIMOVE PHYSIOPACK;193.695,00;4,00
PINSET;10.899,00;20,00
AZARINE ADVANCED YOUTH BARIER MOIS 30GR;49.000,00;1,00
MAKARIZO COND SHAMPOO KIWI BTL 170 ML;20.900,19;0,00
INAFITO INASLEEP @30;216.450,00;2,00
SIKAT GIGI FORMULA SOFT;3.300,00;0,00
LEF KOPI GINGER;30.900,00;3,00
CUSSON BABY WIPES HAND & MOUTH @45 SHT;6.666,00;0,00
SET KUAS MAKEUP BRUSH;21.500,00;4,00
PURE BABY HAND&MOUTH WIPES ALOE VERA @60;27.220,15;14,00
VASELINE CARE STICK;24.719,92;0,00
GATSBY MESSY LAYER BIRU 25GR;14.503,33;0,00
HERBORIST LLR AVOCADO 100GR;18.649,11;2,00
NIVEA MEN DEO ROOL ON COOL KICK EXTRA DRY 50 ML;19.203,00;0,00
ATARAX TAB 1 MG @100;3.559,22;0,00
PANTENE SHP ANTI KETOMBE 70ML;16.800,00;0,00
LIFREE CELANA TIPIS XL3;44.212,00;3,00
ANDROGEL 1% GEL 30 SACHET;26.455,00;18,00
U PAD 60 X 90 CM;45.551,07;1,00
FAMILY DR PALM BLACK L;112.000,11;1,00
SELECTION COTTON BUD BABY 100S;3.900,54;0,00
EMBALASE ZOL;0,00;-24,00
TISU BALIAN POPUP 2PLY 150;2.699,52;0,00
HERBORIST LOT ORIG BODY SERUM 80ML;13.149,98;0,00
KABEL IPHONE;25.000,00;0,00
CBD KERATIN PRO CONDITIONER 250ML;40.650,42;0,00
BALI ALUS BODY BUTTER 100GR JASMINE;27.972,00;0,00
SISIR KUAS MASKARA SPOOLIE BRUSH;1.000,00;0,00
AZARINE SUPREME GLOW BRIGHTNING MOIS 30GR;54.000,00;0,00
SUDOCREAM 125 GR;44.400,00;0,00
MEDICARE UNDERPADS L10;32.080,00;0,00
OB TAMPON DINAMIC @16;80.000,00;0,00
HANASUI POWER BRIGHT SERUM 20 ML;27.500,25;1,00
PANTENE SHP HALUS LEMBUT 70ML;16.400,00;0,00
LEF KOPI PREMIUM;25.750,00;3,00
CUSSON BABY WIPES MILD & GENTLE @45 SHT;6.666,00;0,00
LIFEBUOY SABUN COOL FRESH 100ML;16.600,00;0,00
GUNTING KUKU SET 4 IN 1 MANICURE;10.900,00;0,00
HERBORIST GEL ALOE 100ML;34.799,61;0,00
GATSBY MESSY LAYER BIRU 75GR;22.000,00;0,00
HERBORIST LLR STRAWBERY 100GR;18.650,03;0,00
NIVEA MEN DEO ROOL ON COOL KICK EXTRA DRY 25 ML;12.321,00;4,00
FAMILY DR ANKLE BASIC M;101.000,01;0,00
PROHIPER 10MG;10.175,37;0,00
PANTENE SHP RAMBUT RONTOK 70 ML;16.400,00;0,00
LIFREE CELANA TIPIS XL1;7.206,12;2,00
MASKER 3 PLY BIRU;15.999,54;0,00
NIVEA SUN KIDS SNS SPY SPF50 200ML;239.705,00;1,00
FAMILY DR PALM BLACK M;112.000,11;0,00
EMBALASE ZEPH;0,00;-234,00
POT PLASTIK 10CC;832,50;0,00
HERBORIST LOT BODY SERUM RASP 80ML;13.149,98;2,00
CBD KERATIN PRO SHAMPOO 250ML;40.650,42;1,00
BALI ALUS BODY BUTTER 100GR GREEN TEA;27.972,00;0,00
PINSET STAINLESS JADUL;3.500,00;0,00
PAKET HEMAT FORMULA PASTA+SIKAT GIGI;5.000,00;0,00
GATSBY TOUGH SPIKES MERAH 25GR;14.503,33;0,00
FAMILY DR KNEE BLACK XL;112.000,11;0,00
BAYGON AE FLOWER GARDEN 200ML;22.900,00;2,00
ONEMED DERMAFIX T 10X20;11.000,10;5,00
SUDOCREAM 60 GR;58.831,40;0,00
LEF KOPI;20.600,00;3,00
GUNTING KUKU TANG;51.448,00;4,00
LASERIN 60 ML;14.652,00;3,00
MITU BABY WIPES CHARMING LILY @ 50 SHT;7.050,00;0,00
PANTENE SHP RAMBUT RUSAK 70ML;16.400,00;0,00
ANAK SEHAT SUSU STRAWBERY;6.593,00;3,00
PENGKILAP PENGIKIR KUKU NANO;6.900,00;7,00
NIVEA DEO BLACK N WHITE 25ML;12.321,00;5,00
NUVO HAND SANITIZER 85 ML;8.700,00;0,00
NUFACE LIQ ACNE PRONE SERUM 20ML;25.883,17;0,00
NIVEA SUN FACE PROTECT & OIL SPF 50 30ML;57.828,00;0,00
HERBORIST LLR ROSE 100GR;18.649,11;2,00
MADU ENAK MANUKA 250 GR;48.654,00;4,00
LIFREE CELANA TIPIS M10;66.656,61;2,00
Y-RINS BTL 12ML;58.830,00;0,00
FIESTA INTIM WARM GEL 70ML;44.400,00;1,00
MASKER 3 PLY HITAM;10.199,79;0,00
NIVEA SUN LOT PROTECT & BRONZE SPF 20 200ML;209.382,00;4,00
ASEPSO HYGIENIC BODY WASH 250ML;26.885,31;0,00
FAMILY DR ELBOW BLACK L;112.000,11;1,00
EMBALASE ATAR;0,00;-100,00
MITU BABY GP PURPLE WIPES 45;12.299,91;0,00
HERBORIST GEL APPLE BROCOLI 80ML;14.649,97;1,00
CBD COLLAGEN REPAIR SERUM 10ML;32.649,54;0,00
BALI ALUS HANDCREAM VCO 60ML FRANGI;54.390,00;0,00
SET PERAWATAN KUKU NAIL ART MANICURE;49.000,00;0,00
PENJEPIT BULU MATA GALENCO;3.800,00;1,00
SIKAT GIGI KODOMO ZIGZAG 2IN1;8.400,00;0,00
HERBORIST MINYAK ZAITUN 150 ML;38.066,62;3,00
GATSBY TOUGH SPIKES MERAH 75GR;22.000,00;0,00
FAMILY DR KNEE BLACK M;112.000,11;0,00
MAKARIZO COND SHAMPOO ROYAL JELLY BTL 170ML;20.900,00;0,00
AXE DARK TEMPTATION 87GR;31.600,00;0,00
DUODERM EXTRA THIN CGF 4X4 @10;56.876,40;0,00
ONEMED DERMAFIX T 10X15;8.500,38;0,00
HANSAPLAST SALEP LUKA 50 GR;83.250,00;1,00
BALI DANCE AROMATHERPY ROSE 10 ML;44.799,60;2,00
NP MELATONIN 5 MG @90;435.000,00;4,00
FIXOMUL TRANSPARAN TATTO BESAR @30 CM;7.333,33;28,00
LIFEBUOY BW MILDCARE 100ML;14.900,00;0,00
ANAK SEHAT SUSU ANGGUR;6.593,00;3,00
TOLAK ANGIN LINU @5 SACHT;2.668,00;0,00
PEMBERSIH TELINGA SET 6 PCS KLIP;13.500,00;5,00
BATH SPONGE AKP;4.329,00;0,00
NUFACE LIQ BRIGHT SERUM 20ML;25.883,17;0,00
SENSODYNE MULTI ACTION TOOTHBRUSH SOFT;13.653,00;1,00
HERBORIST LLR MILK 100GR;18.649,11;2,00
BAYGON AE JAPANESE PEACH 200ML;18.337,00;2,00
ALTAMED NITRILE SIZE M (BLUE);88.800,00;1,00
IKAT RAMBUT ECER;400,00;46,00
LIFREE CELANA TIPIS M1;5.404,00;5,00
FIESTA INTIM NATURAL GEL 70ML;38.850,00;1,00
TKTX NUMBING CR 40% 10 G;42.715,00;6,00
IMBOOST KIDS SYR 45ML;24.531,00;0,00
FAMILY DR ELBOW BLACK M;112.000,11;1,00
SHICK EXATA 2 WOMEN;20.699,28;0,00
EMBALASE PRO;0,00;-124,00
MITU BABY FNC BLUE WIPES 45;12.299,91;0,00
HERBORIST GEL ORIGINAL ORANGE CARROT 80ML;14.649,78;2,00
CBD COLLAGEN REPAIR SERUM 100ML;66.150,45;2,00
PERAWATAN KUKU TELINGA ALIS 7 PCS;19.000,00;0,00
KABEL TYPE C ROBOT RGC100;21.250,00;10,00
BAYGON AE CITRUS FRESH 200ML;22.900,00;0,00
CUSSON BABY WIPES MILD & GENTLE @10 SHT;6.000,00;0,00
HUANGSE SALEP GATAL;20.000,00;0,00
ONEMED GLOVE NITRIL BLACK (M);54.999,95;0,00
MAKARIZO COND SHAMPOO ALOE & MELON BTL 170ML;20.900,19;1,00
FINASTERIDE COMBIPHAR TAB;2.220,00;0,00
GARNIER BRIGHT COMPLETE SUPER WHIP FOAM 50ML;25.419,00;0,00
TKTX NUMBING CR 55% 10 G;45.100,00;0,00
KABEL DATA SAMSUNG FAST CHARGING;8.100,00;2,00
HANSAPLAST PLASTER AQUA PROTECT KIDS @20 S;31.600,59;0,00
BALI DANCE AROMATHERPY LEMONGRASS 10 ML;44.799,60;2,00
INAFITO INAGINGKO @30;225.000,00;2,00
NYU HAIR COLOUR BLUE BLACK;14.300,00;0,00
ZENCET @30;4.255,00;0,00
VIT C 1000 COLLAGEN SACHET@6;8.631,00;6,00
TOLAK ANGIN BATUK @5 SACHT;3.618,88;10,00
MANICURE SET + WADAH HITAM;48.500,00;2,00
SOY JOY ALMOND CHOCOLATE;8.378,33;0,00
MULTI TISSUE @160S;7.600,00;0,00
NUFACE SUN PROTECT CR SPF 30 TONE UP;35.899,99;0,00
HERBORIST LLR CHOCOLATE 100GR;18.649,11;1,00
NIVEA OIL& ACNE CARE MICELLAR 125 ML;29.970,00;0,00
ALTAMED MEDICAL WOUND PLASTER;34.814,04;0,00
JEPIT RAMBUT;2.000,00;24,00
ONDANSETRON 4MG TAB GBER ASK;1.554,00;0,00
LIFREE CELANA TIPIS L8;66.656,61;2,00
FIESTA INTIM COOL GEL 70ML;44.400,00;1,00
GPU CREAM PALA 60GR;8.799,64;0,00
NATRACARE TAMPONS SUPER PLUS;152.058,00;0,00
FAMILY DR ANKLE BLACK L;112.000,11;0,00
SHICK EXACTA 2 REG;13.300,02;0,00
EMBALASE VAL;0,00;-147,00
MITU BABY FNC BLUE WIPES 10;5.883,00;0,00
HERBORIST GEL RASP & TOMATO 80ML;14.649,96;0,00
CBD COLLAGEN REPAIR SHAMPO 250ML;47.149,47;3,00
SAFE CARE LEMONGRASS 10ML;11.455,20;2,00
PERAWATAN KUKU LENGKAP MANICURE;11.000,00;0,00
GUNTING KUKU;7.500,00;18,00
BAYGON AE LAVENDER 200ML;18.337,20;0,00
CUSSON BABY WIPES FRESH & NOURISH @45 SHT;6.666,00;0,00
SOFFEL LOT KOREAN SUMMER 60 GR;9.679,20;0,00
EMBALASE DOL;181.485,00;-66,00
GARNIER MICELLAR SALICYLIC BLUE 125 ML;32.745,00;0,00
HANSAPLAST PLESTER BEKAS LUKA @21 LEMBAR;315.852,72;1,00
BALI DANCE AROMATHERPY LAVENDER 10 ML;44.799,60;2,00
ALKOHOL SWAB SENSI;13.764,00;0,00
SOYJOY KURMA NASTAR;8.378,00;3,00
SUTRA TISU PLUS;10.689,00;3,00
INAVITAMAX C VITA @30;190.000,00;1,00
NYU BURGUNDY CREME HAIR COLOR;14.300,00;0,00
GATSBY SPIKY 75GR;18.800,00;0,00
MANICURE SET 7 IN 1;42.500,00;0,00
SOY JOY LEKKER N NUTS;8.378,00;0,00
BALI ALUS HAIR VITAMIN VCO ARGAN 30ML;42.000,00;0,00
NUFACE SUN PROTECT CR SPF 50;59.900,04;0,00
NATURAL AFTER TATTO BALM HEALING @15 GR;19.847,60;0,00
HANSAPLAST AQUA PROTECT XL;41.399,67;7,00
HERBORIST LLR BENGKOANG 100GR;18.649,11;2,00
IKAT RAMBUT LABUBU;2.500,00;2,00
LIFREE CELANA TIPIS L4;44.212,41;4,00
DUREX INVISIBLE KONDOM @10;140.437,32;0,00
FIESTA FUN PACK 5+1 PCS;19.980,00;5,00
VASELINE LIP THERAPY ORI 4,8GR;24.719,89;0,00
FAMILY DR ANKLE BLACK M;112.000,11;0,00
MITU BABY AS GREEN WIPES 45;13.300,02;0,00
NUFACE NUGLOW YOUTHFUL SERUM 20ML;40.262,75;3,00
CBD COLOR SHIELD CONDITION 250ML;40.900,17;1,00
SAFE CARE EUCALIPTUS 10ML;12.350,97;1,00
BALI DANCE MASSAGE OIL LMONGRS;43.799,49;2,00
BAYGON AE ORANGE BLOSSOM 200ML;21.100,00;0,00
CUSSON BABY WIPES SOFT & SMOOTH @10 SHT;6.000,00;0,00
NICORETTE FRESHMINT GUM 4 MG;59.940,00;3,00
GUNTING KERTAS LADUPOP;9.000,00;9,00
GARNIER MICELLAR PINK+ECOPADS 125ML;32.745,00;0,00
LOREAL ELSEVE HYALURON PURE SHAMPO @200 ML;27.084,00;0,00
BALI DANCE AROMATHERPY JASMINE 10 ML;44.799,60;2,00
SOYJOY OPEN SESAME;8.378,00;3,00
NYU CREME HC BLACK;14.300,00;0,00
ALAT PENCETAN JERAWAT KOMEDO;3.500,00;0,00
POCARI SACHET;1.650,87;135,00
BALI ALUS HAIR VITAMIN FRANGIPANGI ARGAN 30ML;46.620,00;2,00
MAKARIZO HAIR FRAGRANCE OCEAN BREEZE 100ML;23.800,00;4,00
FISHERMAN FRIEND HONEY LEMON SF;16.681,18;4,00
HANSAPLAST AQUA PROTECT XXL;57.600,12;0,00
ETADEXTA KAPLET;594,00;0,00
FATIGON HYDRO COCO 330 ML ORIGINAL;7.659,00;0,00
LIFREE CELANA TIPIS L1;5.697,63;8,00
DETTOL SENSITIVE WIPE 10 SACHET;11.258,79;0,00
FIESTA ULTRA THIN @12;49.284,00;1,00
FAMILY DR KNEE BASIC;133.200,00;0,00
LISTERINE SAKURA PEACH ZERO 250ML;21.145,50;2,00
MITU BABY AS GREEN WIPES 10S;6.105,00;0,00
MASKER KARET HITAM ECER;5.000,00;0,00
NUFACE SUN SHIELD SERUM SPF 50;105.900,01;2,00
CBD COLOR SHIELD SHAMPO 250ML;40.900,17;3,00
BALI DANCE MASSAGE OIL LAVENDER;43.799,49;3,00
SUNSILK CONF SOFT N SMOOTH 70ML;15.700,00;0,00
CUSSON BABY WIPES SOFT & SMOOTH @45 SHT;6.666,00;0,00
NICORETTE FRESHMINT GUM 2 MG;59.940,00;3,00
SISIR RAMBUT ANTI KUSUT;13.085,00;0,00
MADU ENAK PREMIUM PLUS 150 GR;21.850,00;0,00
BALI DANCE AROMATHERPY GREENTEA 10 ML;44.799,60;2,00
BACTODERM CR 10GR;74.259,00;10,00
SOYJOY LEKKER N NUTS;8.378,00;0,00
NYU CREME HC NAT BROWN CREME;14.300,00;0,00
ADAPTER KEPALA CHARGER ROBOT;6.789,00;0,00
CAP LANG EUCALYPTUS SPRAY 72ML;83.489,00;0,00
TIMBANGAN BADAN ELEGANT ONEMED;300.000,00;1,00
ASEPSO + SOAP CLEAN BLUE 80GR;7.849,92;0,00
ASEPSO + SOAP FRESH ORANGE 80G;7.849,92;0,00
MAMY POKO PANTS STD XL@7;18.199,56;4,00
SOFFEL SPRAY B.GERANIUM 80 REF;13.109,10;0,00
NESTLE PURELIFE 1500ML;1.999,99;48,00
ULTRA MILK 200ML FULL CREAM;4.791,66;0,00
PANTENE COND PROTEC CARE 45ML;15.800,00;0,00
DODO COTTON BUDS 133;7.000,00;0,00
SOFFEL LOT B.GERANIUM 50GR;9.679,00;0,00
ATARAX TAB 1 MG @100;3.984,90;310,00
ZOL 10 MG;18.500,00;0,00
ZOLTA 10MG;7.770,00;10,00
MERLOPAM 2 MG TAB @100;4.440,00;0,00
VALISANBE 5MG TAB@100;10.000,00;0,00
DOLGESIK 50MG @50;2.808,30;0,00
VAL 5 MG;13.000,00;360,00
VALDIMEX 5MG TAB@100 ASK;1.365,30;470,00
ATAR 1 MG;13.500,00;0,00
PROHIPER 10MG;11.395,99;230,00
VALDIMEX 5MG TAB@100 ASK;1.221,00;0,00
ALPRAZ 1 MG;5.000,00;0,00
VALI 5 MG;12.000,00;0,00
MERLO 2MG TAB@100;4.107,00;0,00
ZEPH 50MG;10.000,00;0,00
ALGA1MG TAB@40;5.994,00;0,00
TRANSPULMIN KIDS 20GR;67.710,00;0,00
OBAT BATUK IBU & ANAK 75ML;30.192,00;2,00
BETADINE 10% OINT 10GR;24.098,10;2,00
CAP LANG M TELON  30ML;9.064,82;2,00
PEPSODENT WHITENING 190GR;15.419,00;0,00
FLEET ENEMA LIQ 133ML;113.775,00;0,00
HANSAPLAST SALEP LUKA 20 G;41.625,00;3,00
INSTO ED  7.5ML;13.630,80;4,00
MEDICATED OIL 12 ML;20.812,00;3,00
M RATU M ZAITUN 75 ML;17.700,00;0,00
BEROCCA CALCIUM EFF TAB@10;34.127,50;0,00
ALKOHOL 70% 300ML MEDIKA;15.098,22;4,00
ALBOTHYL SOL CONC   5ML;25.530,00;0,00
LISTERINE SIWAK 100ML;9.213,00;0,00
COOLING 5 CAPPUCINO;36.585,00;0,00
CAP LANG MKP PLUS 30 ML;10.499,93;0,00
Y-RINS 12ML;18.315,00;3,00
ONEMED THERMO DIGIT ONE ALPHA 3;23.499,81;0,00
SUNSILK SOFT & SMOOTH 70ML;13.400,00;0,00
NATESH PANTYLINERS;33.990,00;0,00
ACTIFED (MERAH) COUGH DM SYR  60ML;58.164,00;2,00
IMBOOST TAB@50;3.545,34;0,00
RENAX 700MG CAP@50;502.275,00;0,00
EKACETOL FORTE 650 MG TAB @100;888,00;180,00
FORMULA SG RIPPLE SOFT;3.300,00;0,00
BODREX EXTRA KPL@100;537,50;372,00
ACTIFED ( HIJAU)PLUS EXP SYR @25 ML;24.753,00;3,00
WOMAN CHOISCE COMPACT;30.800,00;0,00
CAP LANG M ANGIN 12ML;17.760,00;1,00
KLIP PLASTIK 10 X 7;77,00;200,00
OBAT BATUK IBU & ANAK 150ML;53.946,00;2,00
PRAXION SYR 60ML JERUK;26.295,00;3,00
COCA COLA 330ML KLG;5.833,00;23,00
CDR EFF @15 ORANG;71.341,00;0,00
RIVANOL MEDIKA 100ML;4.620,93;3,00
PLANTACID FORTE TAB@100;1.028,00;30,00
FEMINAX TAB@200;827,17;184,00
INSTO DRY EYES ED 7.5ML;14.353,41;3,00
MEDICATED OIL 40 ML;42.499,00;2,00
COUNTERPAIN COOL 15GR;24.753,00;3,00
MINYAK TAWON (FF);65.824,00;2,00
LISTERINE COOLMINT  100ML;8.380,50;0,00
COOLING 5 SPRAY 1.4% 15ML;35.520,00;3,00
GELIGA BALSEM 40GR;16.350,30;5,00
POT PLASTIK  50GR;1.332,00;0,00
THROMBO ASPILETS 80MG TAB@150;964,00;0,00
CALLUSOL LOT 10ML;31.080,00;2,00
ACTIFED (HIJAU) PLUS EXP) SYR  60ML;24.753,00;0,00
IMBOOST FORCE TAB@30;6.909,35;0,00
SUTRA OK KONDOM@24;48.334,00;2,00
VITABUMIN;56.508,00;0,00
BODREX MIGRA KPL@100;604,73;272,00
BEAR BRAND 189ML;9.801,30;25,00
SELSUN GOLD 120 ML;50.449,00;1,00
SENSODYNE WHITENING;44.844,00;0,00
KLIP PLASTIK 15 X 10 CTK BWH;139,00;100,00
MYLANTA TAB@100;868,02;130,00
LISTERINE ZERO 250 ML;21.145,50;1,00
MICROLAX ENEMA @3;58.830,00;0,00
NEO ENTROSTOP TAB@144;823,00;80,00
PAMOL 500MG TAB@100;1.080,00;160,00
NEO RHEUMACYL TAB@20;8.798,14;25,00
MEDICATED OIL 20 ML;29.137,00;3,00
SUMAGESIC 600MG TAB@100;631,59;76,00
WOODS COUGH EXP SYR 100ML;34.499,91;0,00
KOOL FEVER ANAK @6;6.399,98;0,00
MINYAK TAWON (EE);46.595,00;0,00
ANTANGIN JUNIOR 10 ML;10.700,40;0,00
LISTERIN ZERO 100ML;8.380,50;0,00
SALEP KULIT 88  6GR;12.339,00;0,00
POT PLASTIK 20GR;832,50;0,00
LISTERINE COOLMINT 250ML;21.145,50;3,00
DERMACOID CR;75.091,50;2,00
CETAPHIL GENTLE SKIN CLEANSER 236 ML;121.425,12;0,00
LISTERINE ORIGINAL 250ML;21.145,50;1,00
ROHTO TM 7 ML;12.137,85;4,00
WELLNESS EXCELL-C 500 MG @60;235.000,00;0,00
ASPILETS 100MG TAB@100;677,10;0,00
LAXING 10 X 10 KAPSUL;1.014,00;80,00
ALERZIN 10MG TABLET;122,00;0,00
HEROCYN BEDAK 85GR;12.654,00;1,00
MASKER N95 ONEMED;605.000,00;2,00
HOT IN GO 100GR;30.754,00;2,00
ENERVON ACTIVE TAB@30;36.352,00;0,00
LARUTAN KAKI 3 200ML PLASTIK;3.170,00;0,00
SENSODYNE FRESHMIN 100GR HIJAU;28.971,00;0,00
KLIP PLASTIK 13 X 8.7 CTK BWH;103,00;200,00
MYLANTA SYR 50ML;15.961,80;5,00
CAP LANG MKP 210ML;67.150,56;1,00
ZINC PRO SYR 60ML;37.740,00;0,00
LISTERINE MULTI PROTECT GREEN TEA 100ML;9.213,00;0,00
MICROLAX ENEMA 5ML;21.867,00;1,00
ANTIMO ANAK SACH@10;1.165,00;0,00
PROCOLD TAB@144;722,22;72,00
SD COTTON BUD DWS TABUNG;8.325,00;0,00
SUTRA KONDOM@3;5.994,00;25,00
SELSUN YELLOW 60ML;34.965,00;0,00
MINYAK TAWON (DD);29.611,00;0,00
LISTERIN GREEN TEA 100ML;9.213,00;0,00
KALPANAX SALEP 6GRAM;8.120,00;0,00
TONIKUM BAYER LIQ. 330ML;30.265,00;0,00
POT PLASTIK 30GR;832,50;0,00
LAXADINE SYR 60ML;52.658,40;1,00
ONEMED VERBAN 10CM;3.096,90;75,00
HANSAPLAST AMPLOP 10'S;6.388,05;28,00
STERIMAR BABY NOSE HYGIENE @50ML;148.400,00;1,00
NATRACARE ORG TAMPONS SUPER @20;147.290,00;3,00
CAP LANG M SEREH SITRONELA 60M;9.699,18;2,00
HOT IN GO STRONG 100GR;30.754,00;5,00
ENERVON C TAB@ 30;35.672,00;0,00
CAREPLUS HIFRESH WASHLAP @10;17.760,00;0,00
PLOSSA ALL VARIANT;10.342,98;26,00
MINOSEP OBAT KUMUR HIJAU 150 ML 0,1 %;43.445,00;0,00
SENSODYNE ORIGINAL 100GR;30.525,00;0,00
HALMEZIN SYR 100ML;31.968,00;2,00
WOODS COUGH ATT SYR  60ML;24.795,00;2,00
MYLANTA SUSP 150ML;42.879,30;3,00
NATRACARE ORG TAMPONS REGULAR @10;92.905,00;2,00
VIGEL 2 IN 1;45.812,00;1,00
DEGIROL LOZ@100;1.273,17;40,00
COUNTERPAIN CR 5GR;8.547,00;0,00
INAFITO BODYSLEM 30'S;195.000,00;0,00
SUTRA KONDOM@12;21.478,50;9,00
PROCOLD FLU BATUK TABLET @144;833,33;84,00
ALKOHOL 70% 100ML ONEMED;8.325,00;0,00
SANGOBION CAPS;1.994,83;70,00
LISTERINE TARTAR CONTROL 250ML;23.254,50;2,00
PEDIALYTE 500ML B.GUM(PINK);39.516,00;1,00
SELSUN GOLD 60 ML;31.468,50;0,00
KLARENS HS PINK ROSE 60ML;18.870,00;0,00
CAP LANG M TELON 100ML;26.391,00;2,00
LISTERIN FRESHBURST 100ML;8.380,50;1,00
DIAGIT TAB@100;3.441,00;100,00
SCABIMITE LOTION;23.698,50;0,00
LAXADINE SYR 110ML;67.177,20;1,00
GOLDEN GINGER CANDY JAHE KOPI @150G;33.985,00;0,00
SOS PEMBERSIH LANTAI 450ML;17.000,00;2,00
LISTERINE FRESH CITRUS 250ML;21.145,50;2,00
NATRACARE ORG TAMPONS REGULAR @20;139.359,00;3,00
GELIGA KRIM OTOT 60GR;14.799,63;3,00
VITALONG C+ZINC @30;47.730,00;0,00
HIT AEROSOL ORANGE 200 ML;18.500,00;0,00
MINOSEP 0.2% GARGLE MERAH 150ML;62.881,00;0,00
CALADINE PWD 100GR;16.305,90;0,00
NATRACARE ORG TAMPONS SUPER @10;99.137,00;2,00
FRESH CARE SANDAL WOOD;12.831,60;0,00
COUNTERPAIN PXM 25GR;94.988,25;1,00
INAFITO INAVISION 30'S;195.000,00;2,00
STERIMAR NASAL HYGIENE ISOTONIC 50 ML;136.955,00;0,00
FATIGON HYDRO VITA-D 330ML;8.713,50;0,00
PEDITOX LOT 50ML;9.921,18;3,00
SELSUN BLUE SUSP 60ML;28.811,00;0,00
CAP LANG M TELON  60ML;15.909,63;2,00
CAP LANG BALM 20GR AROMATIC SOOTHING;8.600,06;6,00
LACTO-B SACH@40;8.533,13;10,00
 COTTON BUD@ 9128 REFF 100;4.440,00;0,00
GOLDEN GINGER SUGAR FREE ANISEMINT;34.104,00;0,00
BETADINE THROAT SPRAY;109.890,00;0,00
COUNTERPAIN COOL 120GR;101.898,00;2,00
POLIDENT FLAVOUR FREE 60 GR;79.476,00;0,00
LISTERINE GREEN TEA 250 ML;23.255,61;3,00
GELIGA KRIM OTOT 30GR;9.563,76;0,00
AQUA MARIS BABY NASAL SPRAY 50 ML;134.310,00;0,00
ORALIT SACH@100 GKF;450,00;0,00
HOT IN CREAM AROMATHERAPY TUBE 120 GR;33.300,00;0,00
DODO COTTON BUD CD 136@100;9.900,00;0,00
YOU C 1000 APPLE VITAMIN 140 ML;5.494,50;6,00
LACTULAX SYR 120ML;75.915,00;0,00
PRORIS FORTE SYR 60ML;31.168,80;0,00
COUNTERPAIN CR  15GR;26.946,36;4,00
COVID TEST;33.633,00;0,00
RENU FRESH 355ML;71.040,00;0,00
NIVEA SUN WITH OIL CONTROL SPF;57.720,00;2,00
KANNA SOFT KRIM LEMBUT 30GR;19.600,38;2,00
PAK OLES M BOKASHI 35ML;49.955,00;2,00
FATIGON HYDRO COCO 250ML ORIGINAL;5.994,00;16,00
FRESH CARE SPASH FRUIT;12.831,60;3,00
PARATUSIN TAB@ 200;1.513,45;120,00
ZAMBUK 8 GR;16.206,00;1,00
TEMPRA FORTE STRAW SYR 60ML;47.286,00;0,00
DUREX VIBRATIONS RING 1;112.019,00;0,00
CENDO CENFRESH MD ED;25.530,00;0,00
CAP LANG BALM 40GR AROMATIC SOOTHING;16.799,85;4,00
ALKOHOL 70% 100ML AFIFARMA;6.421,35;5,00
MEDISOFT COTTON BALLS;8.750,13;0,00
CALADINE LOT 95ML;23.576,40;0,00
RIVANOL 0.1% 300ML PIM;13.210,11;3,00
NOURISH ACNE PLAST BOY;15.540,00;0,00
SALONPAS PAIN RELIEF PATCH @3;16.689,00;0,00
BETADINE COLD DEFENCE NASAL SPRAY;142.912,00;0,00
ELLIPS HAIR VIT SHINY BLACK@50;79.600,32;8,00
HEROCYN BEDAK BABY 200GR;13.764,00;0,00
LISTERINE FRESHBURST 250ML;21.145,50;2,00
KOMIX HERBAL ORIGINAL SACH;1.666,67;6,00
ONEMED ALKOHOL 95% 100ML;6.845,37;0,00
ANORAL ANLIQ 30'S KAPS;188.125,00;0,00
TONGKAT KETIAK M GEA;254.751,00;0,00
CAP LANG M SEREH SITRONELA 30M;5.599,95;3,00
NATUR E ADVANCED @32 CAP;70.406,00;0,00
LASERIN SACH 15ML;2.018,00;0,00
WOODS COUGH EXP SYR  60ML;24.795,00;3,00
DERMATIX WOUND CARE 20 GR;87.412,50;2,00
VIGEL GEL 30GR;17.193,90;2,00
L-BIO SACH@30;10.289,00;0,00
VICKS VAP 50GR;37.609,02;0,00
PHAROLIT 5.8GR SACH@60;1.600,24;180,00
COUNTERPAIN CR 30GR;41.403,00;2,00
TOLAK ANGIN CARE AROMATHERAPY;11.943,60;0,00
KANNA WHITE 30GR;22.249,00;0,00
PAK OLES M BOKASHI 12ML;25.750,00;3,00
FRESH CARE SMASH 8 ML;12.831,60;0,00
OBH COMBI B.FLU 100ML MENTHOL;18.592,00;0,00
PASEO SOFT PACK SINGLE@250;18.037,50;0,00
CALADINE CR 15GR;7.326,00;0,00
CAP LANG BALM AKTIV 40GR;13.801,00;4,00
VOLTAREN EMULGEL 50GR;202.686,00;1,00
COTTON BUDS SELECTION@100;3.799,53;0,00
INACOS CALENDULA @75G;185.000,00;11,00
CALADINE LOT 60ML;16.749,90;3,00
CALADINE PWD  60GR;12.309,90;0,00
BEPANTHEN SALEP BAYI 20GR;68.431,50;6,00
CAVIPLEX KPL@100;777,00;0,00
SALONPAS PAIN RELIEF PATCH 5'S;25.020,51;4,00
ELLIPS HAIR VIT SHINY BLACK@6;10.180,17;20,00
RENU WETT DROP 8ML;42.180,00;1,00
FIESTA LUBRICANT GEL 50ML MERAH/BIRU;29.970,00;0,00
NELSONS CALENDULA 50G;222.000,00;0,00
ZINCPRO DROP;31.857,00;2,00
ONEMED ALKOHOL 70% 100ML;4.899,54;0,00
GPU CREAM SEREH 60 GR;8.104,39;8,00
"NATUR E NOURISHING 300 IU 32""S";63.969,00;0,00
QUIXX SORE THROAT SPRAY;89.645,00;0,00
PEPSODENT PENCEGAH GIGI BERLUBANG 120GR;10.000,00;1,00
CENDO CATARLENT ED 15ML;33.993,00;0,00
COUNTERPAIN CR 60GR;72.150,00;2,00
SANMOL FORTE 650MG@100;610,50;88,00
VIGEL GEL 60GR;29.279,00;0,00
ALOCLAIR GEL 8ML;97.680,00;3,00
SENSODYNE REPAIR & PROTECT 100 GR;38.517,00;0,00
PROMAG DOUBLE ACTION TAB@6;1.951,00;0,00
SOFFEL SPRAY B.GERANIUM 80ML;14.163,60;18,00
HANSAPLAST MICKEY @10'S;11.325,33;14,00
MINYAK KUTUS KUTUS;100.000,00;0,00
HANSAPLAST ANTISEPTIK LUKA SPRAY 40 ML;27.387,03;1,00
WOODS COUGH ATT SYR 100ML;34.499,91;0,00
CLARITIN OTC @5 TAB;48.951,00;0,00
DETTOL LIQ 100ML;24.338,97;1,00
ARM SLING DEWASA L (HORGI);129.315,00;0,00
VICKS VAP 25 GR;20.059,92;2,00
LISTERINE MULTI PROTECT GREEN TEA 250ML;23.254,50;1,00
CALADINE MOSQUITO REP. 100 ML;32.515,00;2,00
CAP LANG GPU 30ML;8.800,08;0,00
POLIDENT FLAVOUR FREE 20 GR;33.078,00;0,00
XILERGI SYR 60ML;9.990,00;0,00
SALONPAS KOYO SUPER 5X2 PUTIH;6.984,12;46,00
FITA JOINT ROLLER GEL 30 GR;83.250,00;3,00
ELLIPS HAIR VIT NUTRICOLOR @50;74.241,79;5,00
RENU COLOUR;68.820,00;0,00
FIESTA STRAW KONDOM@12;42.957,00;4,00
EVIAN NAT. MINERAL WATER 50 ML;139.000,00;0,00
PRAXION DROP 15ML;29.725,00;1,00
NEO HORMOVITON SAC 15 ML@5;2.500,00;0,00
GPU CREAM SEREH 150 GR;15.592,45;4,00
NATUR E SOFTCAP@ 32;30.525,00;0,00
QUIXX SORE THROAT SPRAT KIDS;65.479,00;0,00
ANTANGIN MINT+MADU SST ISI 12;2.900,00;0,00
BANANA B DEEP TANNING OIL SPF 2 @236ML;122.569,00;3,00
SANMOL 500MG TAB@100;531,69;148,00
BUFADOL 650 MG TAB @100;832,50;0,00
VICKS INHALER TWIN;33.586,38;0,00
VIGEL TIGHT 50 GR;29.970,00;0,00
COUNTERPAIN CR 120 GR NEW;108.464,76;2,00
HOT IN DCL 60 GR;22.422,00;4,00
SOFFEL SPRAY KULIT JERUK 80ML;14.173,59;0,00
ALKOHOL 70% 100ML MEDIKA;6.105,00;0,00
VICKS INHALER;19.147,50;7,00
INTERZINC SYR 60 ML;58.275,00;2,00
TEMPRA SYR 100ML;56.021,00;0,00
FRESH CARE MINYAK KAYU PUTIH 10ML;13.216,00;0,00
JOINT FIT EXTRA ROLLER GEL 30 GR;66.544,50;4,00
DETTOL LIQ  50ML;12.023,52;3,00
NEW DIATAB TAB@100;694,87;236,00
MEDISOFT COTTON BALL@120;10.918,00;2,00
VICKS VAP 10GR;8.471,52;5,00
HOT IN CREAM AROMATHERAPY TUBE 60 GR;19.980,00;0,00
CAP LANG GPU 60ML;15.759,78;4,00
IMBOOST FORCE KIDS 60ML;67.169,43;0,00
LISTERINE FRESHBURST 80ML;8.380,50;1,00
PROMAG SUSPENSI @6 10ML;2.058,31;0,00
XILERGI TAB@6;703,00;0,00
SALONPAS KOYO HOT @5 X 2 MERAH;6.984,12;42,00
BETADINE 10% SOL  60ML;45.921,81;1,00
ELLIPS HAIR VIT NUTRICOLOR@6;10.741,75;5,00
EVIAN NAT. MINERAL WATER 150 ML;239.000,00;0,00
NEEDLE NOVOFINE 32G TIP ETW;2.758,00;6,00
SANMOL DROP 15ML;19.369,00;0,00
DEGIROL LOZ@ 20;1.340,33;20,00
BEDAK SALICYL FRESH BTL 60 GR;10.622,00;2,00
ANTANGIN JRG+MADU SST ISI 12;3.316,96;36,00
MAMY POKO PANTS STD M@ 9;18.199,56;3,00
STERIMAR BLOCKED NOSE HYPERTONIQUE 100 ML;147.741,00;0,00
LARUTAN KAKI3 KALENG ALL 320 ML;5.500,00;4,00
HUKI COTTON BUDS BABY@100 DUS;5.328,00;0,00
HEROCYN BEDAK 150GR;17.538,00;2,00
COUNTERPAIN COOL 30GR;40.071,00;2,00
POLYSILANE TAB@40;1.107,22;144,00
MENSTRU HEAT;17.254,95;5,00
DETTOL LIQ 250ML;59.357,21;2,00
NEUROBION  TAB@250;2.323,00;0,00
VICKS F 44 DEWASA 100ML SYR;34.567,00;2,00
LISTERINE ZERO 100 ML;8.380,50;3,00
AVAIL PANTILINER HIJAU@20;32.960,00;4,00
LACTULAX SYR  60ML;53.849,00;0,00
HOT IN STRONG BOTOL 60 GR;15.762,00;0,00
CAP LANG M ANGIN 24ML;35.150,37;4,00
MARINOX HARVES COUGHT MIXT 150 ML;199.000,00;7,00
SALONPAS KOYO SUPER@ISI 10X2;12.261,00;0,00
TRIAMINIC BATUK & PILEK SYR;75.457,00;3,00
DERMATIX 5GR;114.330,00;1,00
SALONPAS JET SPRAY 118 ML;66.768,00;1,00
LACTACYD ODOR FRESH 60ML;29.887,86;0,00
BETADINE 10% SOL  30ML;27.012,96;4,00
PANADOL FLU & BATUK TABL;1.368,00;0,00
N.HEALTH COUGAR @12;235.000,00;0,00
BETADINE LOZ @8;16.051,00;0,00
EDORISAN ORAL DROPS;61.052,00;0,00
SIDO M TOLAK ANGIN + MADU 15 ML @5;3.618,88;100,00
ONEMED ALKOHOL 95% 300ML;16.799,85;1,00
MAMY POKO PANTS STD L@ 8;18.199,56;4,00
GOLDEN GINGER CANDY MILD @150G;31.535,00;0,00
KOOL FEVER ADULT @ 6 PCS;7.049,98;1,00
POLIDENT CLEANSER @72 TAB;1.557,70;54,00
ALCO PLUS SYR 100ML;72.150,00;2,00
TOLAK ANGIN CAIR BEBAS GULA @5;3.618,82;20,00
ANTIS SPRAY REFIL 30ML JRK NIP;11.661,00;0,00
SOYJOY ALMOND CHOCOLATE;8.378,00;2,00
TEMPRA DROP 15ML;46.065,00;0,00
FRESH CARE CITRUS;12.831,60;2,00
IMBOOST KIDS SYR 120ML;60.937,00;0,00
NEUROBION FORTE 5000MG @250;4.500,00;0,00
VICKS F 44 DEWASA 54ML SYR;20.794,00;2,00
KALPANAX KRIM 5GR;14.155,83;1,00
AVAIL NIGHT USE PINK@10;41.200,00;3,00
CAP LANG M GANDAPURA 60ML;11.932,00;1,00
DERMATIX ULTRA 9 GR;188.644,00;2,00
NORIT TAB SACH@12;16.100,55;0,00
BETADINE 10% SOL  15ML;15.815,28;3,00
ELLIPS HAIR VIT TREATMENT@6;11.300,02;38,00
VERMOX 500MG @1;18.548,00;0,00
SOFFEL LOT B.GERANIUM 60 GR;10.260,84;17,00
MEGAZING KPL@50;3.663,00;0,00
SANJIN WATERMELON FROST LOZ @12;16.650,00;0,00
SELSUN BLUE SUSP 120ML;47.332,00;0,00
BEXCE PLUS DROP 15ML;48.849,00;0,00
SIDO M TOLAK ANGIN FLU CAIR@5;3.618,88;70,00
PROTECAL SOLID EFF TUBE@10;30.250,00;0,00
MEDI-KLIN ACNE GEL 15GR;30.192,00;0,00
KOBELLON @ 400 MG;199.800,00;0,00
ALKOHOL 70% 300 ML  ONEMED;12.488,00;0,00
STERIMAR BABY NASAL HYGIENE ISOTONIC 50 ML;142.780,00;0,00
KOOL FEVER BABY @12;4.884,00;11,00
ACITRAL LIQ 120ML;49.395,00;0,00
DEMACOLIN TAB@100;509,00;70,00
ANTIS AROMA TIMUN 55 ML;12.040,17;9,00
FORMUNO TABLET @30;8.436,00;10,00
EMTRIX;235.542,00;1,00
PARAMEX FLU & BATUK TAB@100;628,00;48,00
IMBOOST FORCE KIDS 120ML;92.629,00;0,00
FRESH CARE GREAN TEA;12.831,60;3,00
AVAIL DAY USE BIRU;33.280,00;4,00
CALADINE LOT FRESH CALM @ 50 ML;17.871,00;0,00
SANMOL FORTE SYRUP 60 ML;33.244,50;2,00
HOT IN CREAM 60 ML BOTOL;15.762,00;0,00
BETADINE FEM WASH FOAM 100 ML;49.905,00;0,00
CAP KAPAK M ANGIN 10ML;15.450,00;0,00
DIAPET SYR 60ML;12.543,00;0,00
COUNTERPAIN COOL 60GR;71.595,00;2,00
MY BABY M TELON PLUS 90 ML LP;21.836,00;2,00
ROHTO COOL TM 10ML;16.733,25;4,00
BETADINE FEMINIME HYGIENE 60ML;35.092,65;0,00
SAFE CARE STRONG;15.150,39;0,00
PANADOL EXTRA KPL@100;1.219,89;420,00
OTTOPAN DROP 15ML;38.850,00;1,00
NEO KAOLANA SUSP 120ML;15.663,00;0,00
SENSODYNE HERBAL 100 GR;30.414,00;2,00
BENZOLAC 5% GEL  5GR;23.532,00;0,00
VITALONG C 500MG CAP@ 30;38.850,00;0,00
RIVANOL 0.1% 100ML CITO;3.499,83;0,00
KOOL FEVER ANAK @12;6.399,98;10,00
DERMATIX ULTRA 15 GR;273.706,00;0,00
BAYGON AER SPRAY 275ML LAVENDE;19.000,00;0,00
TIGER BALSEM RED 20GR;20.533,89;11,00
SIDO M TOLAK ANGIN FLU CAIR@12;3.618,88;384,00
BISOLVON EXTRA SYR 125ML;81.020,01;1,00
ANTIS AROMA JASMINE TEA 55 ML;12.040,17;10,00
PASEO SMART TRAVEL @50;2.500,00;0,00
PARAMEX NYERI OTOT@100;446,77;36,00
MALTOFER SYR 150ML;71.484,00;0,00
FRESH CARE LAVENDER;12.831,60;2,00
CALADINE GEL @ 50 ML;23.334,00;3,00
CAP KAPAK M ANGIN 14ML;20.800,00;0,00
URI-CRAN PLUS SASET @15;8.003,00;0,00
BIOGESIC 500MG TAB@100;452,75;104,00
BETADINE 1% GARGLE 100ML;23.898,30;2,00
PANADOL 500MG KPL@100;1.085,58;590,00
BETADINE 10% OINT 20GR;36.767,64;2,00
PURE BABY SOOTHING MOISTU CR @100GR;96.703,20;2,00
OMEPROS TAB@60;233.100,00;0,00
MINYAK TAWON (GG);222.888,00;1,00
NEUROBION FORTE 5000 TAB@ 30;4.588,37;30,00
REDOXON ZINC EFF@10 ORANGE;43.068,00;0,00
BENZOLAC 2.5% GEL  5GR;17.094,00;2,00
CAP GAJAH RIVANOL 300ML;10.464,00;0,00
VANTELIN ELBOW SUPPORT L;103.999,00;1,00
BYE BYE FEVER DEAWASA@10;11.088,01;7,00
CAP LANG MKP 120ML@12;38.199,54;3,00
CAP LANG MKP 15 ML;5.749,80;0,00
OXYCAN SPORT;55.500,00;0,00
TIGER BALSEM PUTIH 20GR;20.533,89;13,00
SELECTION KAPAS 75GR;12.487,50;2,00
ANDALAN INTIMATE WASH FRESH;6.000,00;0,00
BISOLVON EXTRA SYR  60ML;49.619,22;2,00
BETADINE 10% OINT  5GR;14.152,50;7,00
ROHTO DRY FRESH 7 ML;16.483,50;0,00
PARAMEX SK @120;676,00;0,00
OBH COMBI B.FLU ANAK60ML STRAW;16.428,00;0,00
PANADOL COLD & FLU BERDAHAK KPL@100;1.368,00;0,00
CALADINE BABY POWDER @ 55 GR;7.448,00;0,00
SANMOL SYR 60ML;18.648,00;1,00
CAP KAPAK M ANGIN 28ML;39.651,00;0,00
SENSODYNE ORIGINAL FLAVOUR 110GR;23.351,90;-1,00
ENZYPLEX CAP@100;2.710,62;0,00
THERMOMETER DIGITAL GP CARE;20.999,00;0,00
MICONAZOLE CR 10GR GKF;4.164,00;0,00
BETADINE 1% GARGLE 190ML;36.013,95;3,00
LELAP CAP@100;3.164,61;120,00
SILVER CLOVE BALM CENGKEH 20GR;24.720,00;12,00
PURE BABY DIAPER CREAM 100GR;71.484,00;0,00
NORIT LANG TAB@40;17.760,00;40,00
GPU LINIMENT JAHE 60ML;15.299,86;3,00
VANTELIN BACK SUPPORT L;325.000,00;0,00
BYE BYE FEVER FOR BABY@10;6.439,11;2,00
CAP LANG MKP  60ML@12;20.499,48;4,00
LACTACYD FEMIN HYG 150ML PINK;65.300,00;2,00
OXYCAN KLG;40.481,00;0,00
PROBIO C SERUM GEL 10ML;55.500,00;0,00
PANADOL CHEW TAB@100;1.455,21;50,00
PEDIALYTE 500ML BENING;39.516,00;0,00
ZAMBUK 25 GR;39.849,00;3,00
PROMAG TAB 144;775,85;0,00
PARAMEX TAB@200;588,00;32,00
INSTO ED 15ML;21.030,06;5,00
INSTO COOL 7.5ML;15.718,71;3,00
KOMIX ALL VARIANT @30;1.453,00;0,00
EAGLE DISINFECTANT SPRAY @280ML;55.659,29;1,00
BECOM C KPL@100;1.887,00;20,00
TEMPRA SYR  60ML;42.846,00;0,00
PURE BABY CLEANSING ALOE VERA WIPES;8.560,20;-2,00
HOT IN CREAM AROMATERPI BTOL  120ML;29.859,00;0,00
COOLING 5 CHERY;35.520,00;3,00
VOLTAREN EMULGEL 20GR;96.792,00;4,00
RENU FRESH 60 ML;32.190,00;0,00
ONEMED ALKOHOL 70% 300ML;12.399,81;4,00
ACTIFED SYR  60ML (KUNING);58.164,00;2,00
N.HEALTH COLLAGEN COMPLEX@60;450.000,00;0,00
SUTRA KONDOM@24;38.872,00;0,00
ANTIS JERUK NIPIS HIJAU  60ML;11.661,00;0,00
BIOLYSIN TAB@100;510,60;0,00
APIALYS DROP 10ML;49.950,00;0,00
SELSUN YELLOW 100 ML;43.956,00;2,00
DODO COTTON BUDS 132;5.533,40;0,00
BODREX 500MG TAB BX/240;415,03;120,00
CAP LANG GPU LINIMENT 100 ML;21.552,00;0,00
FREZZA MEDICATED MOUTH ULCER SPRAY;21.312,00;0,00
BYE BYE FEVER FOR CHILD@10;9.629,03;2,00
CAP LANG MKP  30ML@24;11.500,04;6,00
ONEMED NO PAIN SPRAY;129.999,87;0,00
INZA TAB@100;628,00;60,00
MIXAGRIP KPL@100;750,00;48,00
BECOM-ZET KPL@100;2.608,50;110,00
THROMBOPHOB OINT 15GR;49.950,00;1,00
VOLTAREN EMULGEL 10GR;56.388,00;5,00
DULCOLAX 10MG (DWS)SUPP ADULT@ 5;29.476,49;0,00
NEO RHEUMACYL NEURO TAB@120;975,00;40,00
ALCO ORAL DROP 15ML;101.010,00;0,00
ALOCLAIR PLUS MOUTHWASH;103.230,00;4,00
PROMEDEX SYR 60ML;45.621,00;10,00
MAGALAT SUSP 200ML;28.820,00;0,00
THROMBOPHOB GEL 20GR;66.600,00;2,00
OCTEDINE SPRAY 50 ML;46.620,00;4,00
IALUSET PLUS CR 100 GR;199.800,00;1,00
LANOS DROP;49.950,00;0,00
MIXAGRIP FLU&BATUK TAB@100;775,00;40,00
ASTHIN FORCE 6 MG @20;10.100,00;20,00
OCTEDINE GEL 10 GR;34.299,00;0,00
DECOLGEN TAB@100;543,00;60,00
STOP COLD DRAGE@60;721,02;508,00
ASTHIN FORCE 4 MG CAP@20;8.691,00;0,00
DIAPET NR@4;818,00;48,00
ILIADIN 0.05% NASAL SPRAY 10ML;88.551,36;5,00
ANTIMO 50MG TAB@10;491,00;300,00
HOT IN STRONG BOTOL 120 ML;29.859,00;0,00
HOT IN DCL 120G;37.296,00;2,00
COMBANTRIN TAB 250MG@50;19.013,00;13,00
SANADRYL EXP SYR 120ML;21.494,00;2,00
NEOZEP FORTE TAB@100;685,00;36,00
SANADRYL EXP SYR  60ML;14.485,50;1,00
SYSTANE ULTRA MD 5 ML;73.126,80;5,00
CANESTEN CR  5GR;26.418,00;1,00
CENDO LYTEERS MD ED;21.367,50;0,00
SANADRYL DMP SYR 120ML;27.324,00;0,00
DECOLGEN FX TAB@100;1.123,00;30,00
DECOLSIN CAP@100;688,20;64,00
SILEX SYR 100ML;82.140,00;3,00
SANADRYL DMP SYR  60ML;17.593,50;2,00
GRATHEOS 50MG TAB@100;347,00;0,00
ALLERIN EXP SYR 120ML;20.833,00;0,00
ALOCLAIR PLUS SPRAY 15ML;108.780,00;4,00
TRANSPULMIN KELUARGA 20 GR;52.222,50;0,00
CANESTEN PRO CR 15 GR;87.889,80;2,00
ALAXAN FR TABLET;596,00;0,00
DULCOLAX  5MG ISI 4 TAB@ 80;2.501,00;96,00
TOTALCARE NASAL SPRAY+ ANT 20 ML;23.000,00;0,00
LACTACYD ALL DAY CARE;26.694,39;0,00
NIZORAL 2% CR  5GR;45.353,00;0,00
PANADOL COLD & FLU TAB PERKUSOR;1.636,81;680,00
CANESTEN PRO CR 5 GR;34.525,44;1,00
BNS BREATHY NASAL SPRAY;97.680,00;3,00
TRIFED TAB@50;3.790,65;20,00
TEMPRA FORTE GRAPE SYR 60ML;47.286,00;1,00
TEMPRA FORTE ORANGE SYR 60 ML;48.231,72;2,00
HOT IN STRONG TUBE 60 GR;19.980,00;0,00
NOROID SOOTHING CREAM;175.000,00;0,00
TRIAMINIC EKPECTORAN & PILEK;75.457,00;1,00
CANESTEN CR 10GR;46.287,00;2,00
MAGALAT SUSP 100ML;34.299,00;3,00
ASCARDIA  80MG TAB@100;1.117,00;0,00
NOROID DERMA RASH CREAM;167.074,00;0,00
TRIAMINIC PILEK SYR 60ML;75.457,00;0,00
BISOLVON 8MG TAB@100;2.655,00;60,00
BETADINE VD + ALAT 100ML;114.607,00;0,00
TANTUM LOZ@12 MINT;36.630,00;2,00
TROLIT SACHET@6;102.675,00;5,00
TREMENZA SYR 60ML;23.920,00;0,00
DULCOLAX  5MG TAB ISI 10;18.472,62;9,00
ALCO PLUS DMP SYR 100ML ANGGUR;63.738,00;0,00
DECOLGEN PE @100;543,00;52,00
COMBANTRIN SYR JERUK;18.437,00;0,00
ILIADIN 0.025% NASAL DROP 10ML;78.517,00;0,00
DAKTARIN CR   5GR;27.139,50;0,00
TANTUM VERDE ORAL RINSE  60ML;24.420,00;0,00
FOLAMIL GENIO SOFTCAP@30;133.200,00;0,00
SEDARES 25 MG @20 TAB;1.665,00;30,00
CARMED CR 20% 40GR;45.715,35;2,00
DAKTARIN CR 10GR;44.943,90;0,00
ALBOTHYL SOL CONC  10ML;42.735,00;0,00
CENDO EYE FRESH MD EYE DROP;26.951,91;3,00
BISOLVON ELIX KID STRW 60ML;47.137,26;0,00
PROMEDEX TAB@100;2.641,80;110,00
PANTOZOL 40MG TAB@7;21.978,00;14,00
FUSYCOM CR 5GR;53.724,00;3,00
BUSCOPAN 10MG TAB@100;4.074,67;80,00
LYRICA  50MG CAP@14;10.469,35;0,00
ERICFIL TAB 100 MG @4;72.150,00;20,00
ESPERSON 0.25% CR 15GR;193.762,71;3,00
ETORICOXIB 60MG @30;3.885,00;30,00
PROFERTIL 50MG TAB@10;20.979,00;0,00
EPISAN 100 ML;59.884,50;0,00
PONSTELAX 500MG KPL@100;832,50;0,00
CELEBREX 200MG CAP@30;16.892,68;0,00
FUSON CR 5GR;66.600,00;4,00
CENDO FENICOL 0.5% ED 5ML;33.993,75;0,00
KALMOXILLIN 500MG KPL@100;2.886,00;0,00
VITACID 0.1% GEL 20GR;83.250,00;0,00
INMATROL EYE DROP 5ML;56.643,00;0,00
VESTEIN 175MG/5ML SYR 60ML;71.595,00;0,00
PREGABALIN 150 MG KAPS @30 OGB;8.547,00;30,00
LANDO 300MG CAP@50;10.467,30;10,00
TENACE 10MG TAB@60;5.393,49;0,00
KEPPRA 500MG TAB@20;19.872,00;0,00
TILIDON 10MG TAB@30;6.831,00;0,00
SPEDIFEN 400MG TAB@30;8.325,00;246,00
DOMPERIDONE 10MG TAB@50 GNOV;407,29;140,00
INPEPSA SUSP 200ML;133.200,00;0,00
CYGEST PESSARY 400MG SUPP@15;32.560,00;15,00
KETOMED 2% SCALP LOT 60ML;52.059,00;5,00
ESPERSON 0.25% CR  5GR;78.302,73;2,00
ETORICOXIB 90MG @30;5.550,00;60,00
NOVAMOX 500 MG (AMOXYCILLIN);1.000,00;1.200,00
LODIA 2MG TAB@60;1.276,50;70,00
PRORIS(FCT) TRIPLE ACTION @100;888,89;250,00
INTERNOLOL  50MG TAB@30;4.895,10;0,00
CEFIXIME 100MG NOVELL @50;1.110,00;0,00
TELFAST HD 180MG TAB@10;13.028,18;0,00
CELEBREX 100MG CAP@30;12.011,75;20,00
AMOXSAN 500MG CAP@100;3.772,00;0,00
CENDO FENICOL 0.25% ED 5ML;24.281,25;0,00
CEFIXIME 200 MG NOVELL @ 50;3.996,00;80,00
LANSOPRAZOLE 30MG CAP@20 GNOV;2.109,00;0,00
CYCLO PROGYNOVA TAB@21;190.155,00;0,00
ESOMEPRAZOLE 20MG;8.880,00;20,00
BEROTEC 100MCG MDI;274.400,00;0,00
VITACID 0.1% CR 20GR;56.277,00;36,00
ELOCON LOT 30ML;290.209,50;0,00
PROMEL 20MG TAB @4;65.212,50;24,00
CARDIO ASPIRIN 100MG TAB@30;2.308,54;0,00
SPEDIFEN 600MG SACH@20;6.993,00;0,00
ZISTIC 500MG KPL@10;37.157,00;0,00
BENZOLAC-CL GEL 10GR;35.520,00;0,00
IMODIUM 2 MG TAB @50;8.849,00;0,00
INVOMIT 8MG TAB@18;35.825,25;18,00
NASONEX NASAL SPRAY 140MD;348.484,00;0,00
CLOPIDOGREL 75MG TAB@30;2.035,00;30,00
TELFAST BD 60MG CAP@100;6.053,39;0,00
CLARITIN 10MG TAB@ 30;9.139,00;0,00
PIROTOP CREAM 10 GR;72.880,38;0,00
ETORICOXIB 120MG @30;7.215,00;180,00
MYONAL 50MG TAB@100;8.482,98;0,00
INCIDAL OD 10MG CAP@32;4.228,00;0,00
LASIX 40MG TAB@100;7.702,80;70,00
MEDISIO CONCENTRATE 5ML;15.540,00;1,00
MYORES 2MG TAB@100;4.995,00;0,00
ZITHROMAX 500MG CAP@3;94.684,85;0,00
BORRAGINOL S SUPP@10;16.428,00;0,00
LYRICA  75MG CAP@14;15.118,83;28,00
DIFLAM 50MG TAB@50;5.244,00;0,00
VOLTAREN SR 75MG TAB@50;11.003,59;70,00
SCABIMITE 5% CR 10GR;53.679,60;1,00
NARFOZ SYR 60 ML;99.900,00;0,00
BENOSON G CR 10GR;85.470,00;1,00
PULMICORT RESP 0.25MG/ML@20;22.117,00;0,00
KETESSE 25MG TAB@50;10.575,00;0,00
OZEMPIC 1 MG INJ;2.550.000,00;4,00
INVOMIT 4MG TAB@18;23.710,83;18,00
NIFUDIAR SUSP;41.070,00;0,00
NASONEX NASAL SPRAY  60MD;238.927,00;0,00
CLARITIN OTC @10TAB;9.423,90;0,00
BISOPROLOL 2,5MG 100 TAB GNOV ASK;583,33;0,00
RECOLFAR 0.5MG TAB@30;7.215,00;0,00
PIROTOP OINT 10 GR;72.816,00;0,00
DRAMAMINE 50MG TAB@100;2.035,00;0,00
MYCO-Z OINT 10GR;96.015,00;2,00
CLANEKSI 500MG KPL@30;15.595,50;0,00
CANDESARTAN TAB 16 MG @30;2.035,00;0,00
MEDISIO CONCENTRATE 10 ML;25.530,00;2,00
MERISLON 6 MG TAB@100;5.901,79;90,00
ZYLORIC 300MG TAB@100;8.756,24;20,00
SYNBIO CAP@30;5.827,50;0,00
LYRICA 150MG CAP@14;24.945,43;0,00
FORMYCO 200MG TAB@50;5.994,00;0,00
MUCOS 30MG TAB@100;888,00;0,00
CEFSPAN SYR 30ML;154.290,00;0,00
GABAPENTIN300MG@ 100;4.895,10;30,00
NARFOZ 4MG TAB@12;16.788,75;18,00
TARIVID OPTH SOLUTON 5ML;68.820,00;0,00
ZENRIZ 10MG TAB@30;6.327,00;0,00
SIMVASTATIN 20MG TAB@50 GDX;832,50;0,00
ANDALAN POSTPIL;23.643,00;5,00
PREDNICORT 4MG TAB@50;4.344,00;0,00
CIPRALEX 10MG TAB@28;22.794,64;56,00
COLCHICINE 0,5 MG @50;2.775,00;100,00
FAMETSON 4 MG TAB @100;2.830,50;100,00
PRIMOLUT N 5MG TAB@30;6.651,00;0,00
BETADINE VAG DOUCHE 100ML;119.191,80;1,00
NEBACETIN PWD 5GR;27.195,00;5,00
DIGENTA CR 10GR;118.770,00;5,00
MYCORAL 200MG TAB@50;4.995,00;10,00
ACYCLOVIR 5% CR 5GR GKF ASK;5.106,00;0,00
ABDIFLAM 50MG TAB@50;4.995,00;0,00
ZYLORIC 100MG TAB@200;3.651,68;60,00
NEURALGIN RX KPL@100;1.143,00;0,00
CENDO CENFRESH EYE DROP 5ML;38.711,25;0,00
BACTODERM 2% OINT 10GR;62.937,00;0,00
CLINOVIR 400MG TAB@30;9.157,50;60,00
BUSCOPAN PLUS TAB@100;5.533,45;40,00
NEBACETIN OINT 5GR;25.530,00;5,00
TRIPTAGIC 100MG TAB@2;49.800,00;0,00
MUCERA 30MG TAB@100;1.665,00;0,00
PREDNOX  4MG KPL@100;4.440,00;240,00
MEDIXON 16MG TAB@30;8.288,00;24,00
PREDNICORT 8MG TAB@50;6.288,00;0,00
ZOVIRAX 200MG TAB@25;14.835,55;25,00
DIPROGENTA CR  5GR;76.107,15;4,00
DOHIXAT 100MG TAB@100 ASK;704,85;230,00
DIPROSONE OV CR  5GR;62.596,23;0,00
DEFLAMAT CR 100MG CAP@20;9.768,00;20,00
DULCOLACTOL 3.35G/5ML SYR 60M;75.561,03;0,00
PRAXION FORTE SYR 60ML JERUK;30.869,10;1,00
VITAQUIN 2% CR 15 GR;33.300,00;0,00
KENALOG IN ORABASE 5GR;72.150,00;1,00
ATORVASTATIN 20 MG @100 DIPA PHARMA;2.220,00;0,00
OTOPAIN EAR DROP 8ML;104.118,00;9,00
CATAFLAM 50MG TAB@50;6.993,00;0,00
INTRIZIN SYR 60ML;90.576,00;1,00
VENOSMIL GEL 60GR;221.445,00;1,00
VOLTAREN 50MG TAB@50;8.033,47;80,00
AMLODIPIN 10MG TAB@100 TRIFA;191,73;0,00
PONSTAN 500MG KPL@100;3.074,00;0,00
ECOROXIB 60 MG @30;7.770,00;0,00
SERETIDE DISKUS 500MCG;344.211,00;0,00
ESTESIA CR  5GR;55.500,00;0,00
ZOVIRAX CR 5GR;235.164,60;5,00
BURNAZIN PLUS CR 25GR;128.205,00;0,00
SODIUM CHLORIDE 0.9% 500ML GSB;7.673,00;0,00
CENDO HYALUB MD EYE DROP;63.270,00;1,00
PREDNOX 16MG KPL@50;10.189,80;120,00
DIPROGENTA OINT  5GR;74.657,00;0,00
MONURIL GRANUL 3GR SACH;249.750,00;1,00
CENDO GENTAMYCIN 0.3% SLP MATA;40.376,25;3,00
GLUCOPHAGE  500MG TAB@100;2.142,00;0,00
TREMENZA TAB@100;1.942,50;70,00
ZENTRA TAB;1.609,50;240,00
DERMOVATE CR  5GR;89.992,14;0,00
KALXETIN 20MG CAP@30;10.656,00;0,00
ATORVASTATIN 10 MG @100 DIPA PHARMA;1.110,00;80,00
CENDO VITROLENTA ED;36.352,50;1,00
ATORVASTATIN 20 MG @30;3.885,00;60,00
VIAGRA 100MG TAB@4;172.047,78;8,00
AMLODIPIN  5MG TAB@100 GHX;108,00;70,00
CENDO XITROL MD EYE DROP;29.859,00;3,00
LASGAN 30MG CAP@20;20.007,00;10,00
SERETIDE 125MCG INH;177.692,00;0,00
DIPROGENTA OINT 10GR;111.421,80;0,00
PROVERA  10MG TAB@30;12.200,00;30,00
CLARITIN 10MG TAB@100;9.140,85;290,00
ONDANSETRON 8MG TAB@12 GNV;2.553,00;84,00
VOMETA FLASH TAB@50;5.550,00;0,00
NEXIUM 20MG TAB@28;24.148,00;0,00
CERINI SYR;50.190,00;0,00
AERIUS SYR 60ML;109.242,00;0,00
PRO 10 MG;25.000,00;240,00
PREGABALIN 75 MG CAPS @30 OGB;5.550,00;60,00
CENDO GENTAMYCIN 0.3% ED 5ML;31.496,25;4,00
EUTHYROX 100MCG TAB@100;3.572,42;0,00
SANPRIMA FORTE KPL@100;2.442,00;20,00
BEREA TAB @ 100;1.371,00;0,00
ZELFACE 20% CR 10GR;51.060,00;2,00
PRORIS SYR 60ML;25.530,00;1,00
TELFAST OD 120MG TAB@100;12.123,00;0,00
MEDIXON  8MG TAB@100;5.533,00;0,00
REFAQUIN CR 15GR;80.253,00;3,00
KALNEX 500MG TAB@100;4.462,00;0,00
SUCRALFATE 100 ML;18.315,00;3,00
PROMEL 10 MG TAB @8;41.625,00;8,00
XENICAL 120MG CAP@21;14.066,40;21,00
VIAGRA  50MG TAB@4;132.578,40;8,00
CENDO XITROL EO 3.5GR;39.821,25;2,00
CENDO LYTEERS ED 15ML;24.975,00;0,00
CEFAT 500MG CAP@100;12.461,00;40,00
VISTAT 120 MG CAPS @30;9.435,00;0,00
DIPROSONE OV CR 10GR;105.716,40;0,00
AMLODIPIN  5MG TAB@30 NOVEL;370,00;0,00
ESOMEPRAZOLE 40 MG TAB @30;5.328,00;10,00
VITACID 0.05% CR 20GR;44.622,00;45,00
LERZIN TABLET;443,00;0,00
ERIMAXX TAB 20 MG @2;88.800,00;8,00
OLMETEC 20MG TAB@30;18.600,00;0,00
TRADOSIK KAPS;10.000,00;0,00
KANDISTATIN SUSP 12ML;53.113,50;0,00
ZENTAMIN TAB @100;1.733,00;20,00
BUSCOPAN PLUS SUPP@6;1.653,30;0,00
CLINOVIR 200MG TAB@30;5.254,00;0,00
INTERPEC 30MG/5ML SYR 60ML;68.186,00;0,00
KALMICETINE 2% OINT 15GR;16.650,00;3,00
CELECOXIB 100 MG CAPS @30;3.700,00;50,00
DOL 50 MG;10.000,00;0,00
NIFURAL SYR 60ML;66.933,00;0,00
BETAHISTINE 24 MG;4.995,00;20,00
RHINOS SR CAP@50;7.548,00;640,00
DIANE 35 TAB@21;168.560,00;0,00
CENDO FENICOL EO 3.5GR;24.281,25;0,00
ZITROLIN 500 MG @6;44.400,00;0,00
DIPROSONE OV OINT 10GR;91.530,60;0,00
GRAMAX 100MG TAB @4;63.797,25;0,00
PRIMPERAN 10MG TAB@100;1.443,00;20,00
EUTHYROX  50MCG TAB@100;2.010,74;300,00
AMLODIPIN  10MG TAB@30 NOVEL;814,00;10,00
VITACID 0.025% CR 15GR;30.858,00;55,00
YUSIMOX FORTE SYRUP;8.872,00;1,00
KEPPRA 500 MG;133.200,00;0,00
ONDANSETRON 8 MG TAB @50 (OGB) NULAB;1.110,00;10,00
BENOSON N CR 15GR;37.740,00;0,00
VOLTAREN RETARD 100MG TAB@50;14.261,88;0,00
AERIUS 5MG TAB@30;10.268,06;0,00
OMEPRAZOLE 20MG CAP@30 GNOV;666,00;0,00
REFAQUIN 10 GR CR;54.501,00;0,00
SCABIMITE 5% CR 30GR;89.466,00;1,00
ABBOTIC SYR 60ML;203.850,00;0,00
FG TROCHES LOZ@120;1.716,79;100,00
SYSTANE HYDRATION 5 ML;107.892,00;2,00
CELECOXIB 200MG @30;5.550,00;30,00
NARFOZ SYR 30 ML;69.375,00;2,00
BETAHISTINE MESILAT 6MG@100GDX;931,47;70,00
UROTRACTIN 400MG CAP@60;4.428,00;0,00
ORINOX 60 MG TAB @30;8.333,00;0,00
CAMASTIL 100 MG @4 TAB;77.700,00;0,00
XYZAL 5MG TAB@50;9.684,00;30,00
FLUIMUCIL 200MG CAP@60;5.144,85;160,00
MERISLON 12 MG TAB@100;7.904,91;0,00
CONCOR 2.5MG TAB@100;7.651,45;60,00
CEFSPAN 200MG CAP@10;54.306,00;0,00
NARFOZ 8MG TAB@12;29.137,50;18,00
PARIET 20MG TAB@14;23.283,00;0,00
ONDANSETRON 4 MG TAB @50 (OGB) NULAB;1.554,00;90,00
ZOTER CR 5GR;72.150,00;1,00
OXOFERIN SOL TOP 30ML;92.035,00;0,00
FORUMEN EAR DROP 10ML;33.688,50;2,00
ORASIC  50MG CAP@50;2.970,00;0,00
BIOPLACENTON GEL 15GR;33.300,00;1,00
ARCOXIA  90MG TAB@30;18.936,49;0,00
VITAQUIN 5% CR 15GR;75.813,00;6,00
DEXAMETHASONE 0.5MG@1000 GHS;39,00;0,00
DIPROGENTA CR 10GR;111.421,80;1,00
ERICFIL TAB 50 MG @4 STRIP;34.687,50;24,00
DIVASK 10MG TAB@30;15.169,99;0,00
SANKORBIN 200MG/5ML INJ AMP@5;38.900,00;0,00
VOSEDON 10MG TAB@100;2.915,00;0,00
BAQUINOR 500MG KPL@20;15.429,00;10,00
CAMASTIL 50 MG @4 TAB;55.500,00;0,00
CEPTIK SYR 30ML;130.980,00;0,00
MELOXICAM 15MG TAB@50 GDX;1.376,40;0,00
INPEPSA SUSP 100ML;88.800,00;0,00
PUMPITOR 20MG CAP@20;16.635,00;0,00
CIALIS 10MG TAB@4;182.402,14;0,00
ZEMYC 150MG CAP@3;66.311,00;2,00
DISP SYRINGE  1ML ONEMED;770,00;0,00
VIBRANAT CAPS;18.907,00;48,00
EPERISONE HCL TAB@100 GMDK;1.837,05;0,00
ESOMEPRAZOLE 40 MG LAPI @20;5.328,00;0,00
MEDI-KLIN TR GEL 15GR;53.058,00;0,00
SANOSKIN MELLADERM PLUS GEL 20;267.510,00;1,00
ZAROM 500MG @6;13.875,00;48,00
CLANEKSI SYR 60ML;66.940,00;0,00
ALDISA SR CAP@50;6.631,00;0,00
ARCOXIA 120MG TAB@5;20.783,45;0,00
CENDO XITROL EYE DROP 5ML;34.848,45;4,00
BAYCUTEN N CR 5GR;63.325,50;3,00
ELOCON CR 10GR;120.046,50;3,00
INERSON 0.25% OINT 15GR;112.665,00;4,00
ZITHROMAX POS 600 SYR;191.519,40;0,00
RAMIPRIL 5 MG TAB@100;640,77;100,00
KALTROFEN 100MG TAB@30;6.660,00;20,00
ESTESIA CR 30GR;283.050,00;4,00
MEFINAL 500MG KPL@100;1.657,00;0,00
BORRAGINOL N OINT 15GR;86.580,00;0,00
DOXICOR 100MG CAP@30;6.660,00;0,00
MELOXICAM 7.5MG TAB@50 GDX;799,20;40,00
ERLAMYCETINE TM 10 ML;13.986,00;0,00
URINTER 400MG CAP@100;7.536,90;50,00
ARDIUM 500MG TAB@60;9.063,00;0,00
INTERPRIL 10MG TAB@30;1.332,00;30,00
ONDANSETRON 4MG TAB@12 GNOV;1.554,00;0,00
SISTENOL KPL@60;2.775,00;0,00
REGROU RESTO SOL 30ML;79.365,00;1,00
CLANEKSI FORTE SYR 60ML;88.834,00;0,00
TORAS 8MG TAB@100;4.035,00;0,00
CEFABIOTIC 500MG CAP@100;8.880,00;120,00
ARCOXIA  60MG TAB@30;17.048,00;0,00
VOLTADEX 50MG TAB@100;523,00;0,00
BEPANTHEN 5% OINT 20GR;67.044,00;0,00
PANTOPRAZOLE SODIUM SESQ 40 MG @10;8.880,00;10,00
ELOCON CR  5GR;75.174,75;1,00
GITAS PLUS KPL@50;8.868,90;10,00
CEFIXIME 100MG CAP GDX ASKIN;1.110,00;0,00
NEUROBION 5000MG INJ@20;15.442,00;0,00
ANDALAN FE;18.363,84;29,00
VENTOLIN 2.5MG/2.5ML NEB@20;162.142,14;0,00
BORRAGINOL S OINT 15GR;116.550,00;2,00
TEQUINOL 500MG TAB@30;15.540,00;0,00
BETASON CR 5GR;9.089,00;4,00
VITAL EAR OIL 10ML;15.777,00;0,00
CRAVIT 0.5% EYE DROP 5ML;133.586,28;3,00
CIALIS 20MG TAB@2;221.934,51;0,00
AZITHROMYCIN 500MG @30;5.735,00;18,00
REGROU FORTE SOL 30ML;132.756,00;0,00
PREGABALIN 150 MG TAB @14;8.547,00;0,00
TORAS 4MG TAB@100;2.442,00;0,00
BORRAGINOL N SUPP@10;13.653,00;0,00
DIFLUCAN 150MG CAP@5;173.952,10;3,00
DEXTAMINE TAB@300;1.947,00;0,00
WEGOVY INJ 1 MG;2.581.416,00;1,00
INDEXON TAB@100;1.080,00;40,00
MYCORAL CR  5GR;19.980,00;0,00
VENTOLIN INHALER;162.142,14;4,00
SPORETIK 100MG CAP@30;24.295,00;0,00
MERTIGO 6MG TAB@100;3.996,00;0,00
PANTOZOL 20MG TAB@7;17.316,00;14,00
MEZATRIN 250MG CAP@30;36.013,00;0,00
BENOSON CR 15GR;37.740,00;1,00
DEFLAMAT CR  75MG CAP@20;8.174,00;0,00
KETANAEST INJ 100ML;183.150,00;0,00
POSTINOR-2 TAB@2;33.300,00;2,00
BINTAMOX 500MG KPL@100;857,00;0,00
PRORIS 200MG TAB@50;888,89;0,00
NEXIUM 40MG TAB@14;29.205,84;0,00
ELZSA PIL KB @21 TAB;109.083,00;0,00
VALACICLOVIR 500MG @30;9.250,00;0,00
RHINOS NEO DROP 10ML;63.270,00;0,00
ZENIFLOX 500MG TAB@30;13.338,00;0,00
ONDANSETRON 4MG TAB @30;1.600,00;0,00
PROBIOTIN 300MG CAP@50;10.861,00;0,00
SALBUVEN 4MG TAB@100;1.720,00;20,00
CEFAT FORTE SYR 60ML;91.292,00;0,00
CANDERIN 8 MG @30;8.250,00;0,00
LAMESON 4 MG SYR @30 ML;108.613,00;0,00
FARSIFEN 400MG TAB@100;632,70;180,00
ZIBRAMAX SYR @15ML;119.880,00;0,00
ATORVASTATIN 40 MG TAB @30;4.440,00;0,00
FLAGYSTATIN OVUL@10;23.715,37;0,00
SALTICIN CR 5GR;39.405,00;3,00
VAGISTIN OVUL@10;19.436,00;10,00
LIPITOR 40MG TAB@30;23.713,00;0,00
SUCRALFATE SUSP. 100 ML;22.000,00;0,00
ERICAF 100  TAB;6.259,55;100,00
BEPANTHEN 5% OINT10GR;41.847,00;0,00
DEXAMETHASONE 0.75MG@ 200 GHS;245,73;180,00
DARYANTULLE @10;24.054,00;0,00
SYMBICORT 160/4.5 TURBU 60 DOS;340.166,00;0,00
VITACID 0.025% GEL 20GR;28.942,00;0,00
ETHYL CHLORIDE SPRAY 100ML;295.000,26;2,00
RHINOS JUNIOR SYR 60ML;48.840,00;0,00
NARFOZ 8MG INJ@5;69.169,00;5,00
MOXIC 15MG TAB@20;12.210,00;0,00
OPISTAN 500MG KPL@100;608,00;390,00
SUSTANON 250MG INJ;215.316,69;20,00
ZEPHANAL CAP@30;4.717,50;430,00
PREDNOX  8MG KPL@100;7.070,70;110,00
SICLIDON 100MG CAP@20;6.826,50;0,00
BUFAMOXY 500MG CAP@100;3.201,00;10,00
ONDANSETRON 8MG TAB@30;1.110,00;0,00
RADOL 50MG CAP@50;4.839,60;290,00
CLINDAMYCIN 150MG CAP@50 GNOV;827,00;0,00
TELFAST PLUS FC TAB@100;6.870,00;0,00
VOSEDON SUSP 60ML;36.699,00;1,00
SODIUM CHLORIDE 0.9% 500ML OTSU;8.134,08;16,00
SUVESCO 10 MG;6.937,00;0,00
LEVOCIN 500MG TAB@18;43.216,00;0,00
CEFAT SYR 60ML;52.877,00;0,00
CANDERIN 16 MG @30;11.072,00;0,00
FAXIDEN 20MG KPL@100;216,00;0,00
MUCERA FORTE SYR 60ML;38.850,00;0,00
FG TROCHES LOZ@300;1.683,00;0,00
BURNAZIN CR 35GR;78.144,00;1,00
BINTAMOX 125MG/5ML SYR 60ML;11.655,00;0,00
DERMOVATE CR 10GR;144.928,26;3,00
CLINOVIR 5% CR 5GR;38.850,00;6,00
FLAGYL FORTE 500MG TAB@100;10.844,80;70,00
DONEPEZIL 5 MG @30;6.660,00;0,00
CIPROFLOXACIN 500MG TAB@100GIF;777,00;0,00
ZITHROMAX 500MG TAB@3;97.525,33;18,00
LIPITOR 10MG TAB@30;21.112,00;0,00
ANALTRAM KAPL@30;10.822,00;0,00
DEXAMETHASONE 0.5MG@200 GHS;229,00;200,00
RANTIN 150MG TAB@100;6.882,00;0,00
VITACID 0.05% GEL20GR;65.490,00;2,00
MOXIC  7.5MG TAB@20;7.326,00;10,00
FLUCONAZOLE 150 @10;16.650,00;0,00
IMODIUM 2MG TAB@100;8.591,40;270,00
MICROGEST 200MG @15;24.420,00;0,00
VENTOLIN EXP SYR 100ML;81.125,00;0,00
FULADIC CR 5GR;64.380,00;0,00
ELOCON OINT 10GR;123.648,00;0,00
VOMETA SIRUP;66.311,00;0,00
SODIUM CHLORIDE 0.9% 100ML OTS;7.964,25;41,00
ZOTER 400MG TAB@12;14.855,50;0,00
ALKOHOL 95% 100ML ANMAK;8.898,87;2,00
ALKOHOL 95% 300ML ANMAK;19.797,96;2,00
MINYAK KUTUS KUTUS NEW 100 ML;87.550,00;5,00
CAP LANG INHALER LANG;7.850,01;0,00
ANTANGIN JRG+MADU SST ISI 5;3.477,63;0,00
FITUNO KPL@30;4.411,00;0,00
PROMAAG HERBAL@6;2.121,21;0,00
SIDO M TOLAK ANGIN PERMEN@15PCS;1.913,09;7,00
KOMIX JERUK NIPIS @30;1.426,35;0,00
SIDO M TOLAK ANGIN + MADU 15ML @12;3.856,33;60,00
KOMIX RASA JAHE @30;1.426,35;0,00
SIDO M TOLAK LINU CAIR @5 SASET;2.531,24;0,00
KOMIX PAPPERMINT@30;1.426,35;0,00
ENTROSTOP HERBAL ANAK;2.137,86;0,00
DIAPET @120;556,84;50,00
MINYAK HERBAL TARU BALI 65ML;128.000,00;0,00
MINYAK HERBAL TARU BALI 30ML;70.000,00;0,00
KOMIX HERBAL ORIGINAL TUBE;2.399,82;4,00
SABUN HERBAL TARU BALI 95 GR;65.000,00;0,00
BEJO JAHE MERAH @12 15 ML;2.416,66;24,00
MINYAK HERBAL TARU BALI @ 100 ML;250.000,00;0,00
SIDO M TOLAK ANGIN ANAK @12;2.504,83;25,00
ENTROSTOP HERBAL DWS SAC @6;2.010,77;0,00
PROMAG SUSPENSI @6;2.057,94;0,00
MICROGYNON LIBI@ 10;22.549,00;0,00
MICROGYNON LIBI@ 25;21.892,53;0,00
YASMIN TAB@21;215.538,00;0,00
ANDALAN PIL KB @30;14.169,15;0,00
HIT NF LILY BLOSSOM 200 ML;17.600,00;0,00
HIT NF ORANGE 200 ML;17.000,00;0,00
SOFFEL LOT KULIT JERUK 60 GR;9.679,20;11,00
BAYGON FLOWER GARDEN 200 ML;13.073,00;2,00
STREPSIL REG@ 12;20.749,00;0,00
FITBAR CHOCO 20 GR;4.084,80;5,00
FITBAR TIRAMISU 20 GR;4.084,80;5,00
FITBAR FRUITS 20 GR;4.084,80;6,00
STREPSIL HONEY LEMON@12;23.700,72;0,00
FITBAR CHEESE 20 GR;4.084,80;6,00
FISHERMANS SF MINT 25GR;9.000,00;-2,00
GOLDEN GINGER FLIPTOP SUGAR FREE LEMON;31.535,00;0,00
YOU C 1000 ORANGE VITAMIN 140ML;5.494,50;7,00
ANTANGIN PERMEN MIX @50;117,00;0,00
CAFE TAB @4 TAB;3.108,00;12,00
ALPENLIEBE SACH CHOCO;13.928,28;13,00
ANTANGIN PERMEN;2.334,00;0,00
ALPENLIEBE SACH CARAMEL;6.527,91;18,00
FRESH CARE HOT;11.561,76;4,00
ALPENLIEBE SACH STRAW;6.527,91;16,00
YOU C 1000 MANGO VITAMIN 140ML;5.494,50;4,00
YOU C 1000 LEMON WATER 500ML;6.435,78;0,00
FISHERMANS FRIEND STRONG MINT;16.681,18;6,00
STREPSIL ALL @8;15.048,00;0,00
YOU C 1000 ORANGE WATER 500ML;6.875,00;25,00
NEO HORMOVITON PASAK BUMI DRINK 150ML;4.650,00;0,00
NUVITA MAGNESIUM TAB @30;165.000,00;1,00
WELLNESS WHEAT GRASS 500MG@60;270.000,00;0,00
BIO NURATIK;0,00;0,00
NUVITA CALCIUM 1200 MG @30;98.000,00;0,00
WELLNESS MULTIVITAM 2-A DAY 60;410.000,00;0,00
BIO NETRA;0,00;0,00
MADU MURNI NUSANTARA 250ML;59.000,00;0,00
VITAMEN SPRAY;0,00;0,00
WELLNESS VIT-D3 1000IU;185.000,00;0,00
VITAMEN SERBUK;0,00;0,00
WELLNESS OMEGA-3 76 BANDED;350.000,00;0,00
IMBOOST FORCE ULTIMATE @30 TAB;9.068,29;0,00
INAFITO CNF;195.000,00;2,00
LACTABOOST TAB @30;40.364,00;0,00
NATUR E WHITE @32;88.061,00;0,00
SEA QUIL MEGAVITE IRON FRE@60;913.530,00;0,00
ETAWALIN 200GR;89.999,00;0,00
IMBOOST FORCE COUGH @30;7.546,15;0,00
INAVITAMAX VIT C 500 MG @30;135.000,00;0,00
SAKATONIK ACTIVE GUMMY @6;15.176,48;6,00
VALDRES 25MG TAB@10;1.998,00;80,00
INAVITAMAX VIT D3 1000IU @30;115.000,00;2,00
TOLAK LINU MINT @5;2.668,00;25,00
SOYJOY;7.950,00;-1,00
INTERLAC TAB @30;13.209,00;80,00
IMBOOST EXTRA VIT C & D3 TAB @20;4.717,50;0,00
INAVITAMAX BEE POLLEN @30;160.950,00;2,00
ELEVIT @30;4.070,00;0,00
WELLNESS MULTI TEEN TAB@30;125.000,00;1,00
INAVITAMAX OMEGA KIDS @30;233.100,00;0,00
IMBOOST FORCE EXTRA STRENGTH @30;9.340,35;0,00
NUTRIMAX C+ PLUS BETA TAB@30;85.000,00;1,00
INAVITAMAX BONE HEALTHY @30;185.000,00;2,00
OM3HEART @60;92.130,00;1,00
CDR  FORTOS@10;44.860,00;0,00
NOURISH SKIN TAB@30;219.780,00;0,00
WELLNESS ACIDOPHILUS @60;270.000,00;0,00
RILLUS @30 TAB;10.545,00;42,00
INAVITAMAX VICOF SYR @100 ML;135.000,00;2,00
NP MELATONIN LOZENGES 3 MG @60;465.000,00;0,00
NUTRAFOR WHITE BEAUTY 16'S;96.570,00;0,00
INAVITAMAX OMEGA 3 @30;225.000,00;2,00
NUVITA NUTRI FOLIC 1000 MCG @30;88.000,00;0,00
BEROCCA PERFOR ORANGE  EFF@10;52.891,50;0,00
NOURISH SKIN ULTIMATE TAB@15;133.200,00;0,00
PHARMATON GO @6;21.687,51;8,00
INAVITAMAX OMEGA COMPLEX CARE @30;340.000,00;0,00
NUVITA NUTRI C 1000 MG @30;120.000,00;0,00
FOLAMIL GOLD @30;158.175,00;0,00
NOURISH SKIN ULTIMATE TAB@30;249.750,00;0,00
NESTLE PURELIFE 600ML;4.116,71;24,00
MADU SUPER NUSANTARA 250ML;72.500,00;0,00
NUTRAFORGOLD COFFEE CREAMY;33.300,00;0,00
AQUA DANONE  600ML;2.083,33;60,00
ULTRA SARI ASEM ASLI 250ML;4.750,00;0,00
ORONAMIN-C 120 ML;5.200,00;0,00
POCARI SWEAT PET 500ML;7.083,33;29,00
LARUTAN KAKI 3 500ML PLASTIK;6.521,00;0,00
HEMAVITON ACTION ENERGY DRINK;4.225,00;0,00
LE MINERAL BOTOL 1500 ML;5.000,00;0,00
POCARI SWEAT PET 350ML;5.400,00;0,00
ULTRA MILK 250 ML STRAWBERY;5.208,33;3,00
ION WATER PET 500 ML;5.949,00;0,00
LE MINERAL BOTOL 600 ML;2.291,66;48,00
YOU C 1000 LEMON VITAMIN 140ML;5.494,50;1,00
COCA COLA 300ML BTL;4.583,33;0,00
POCARI SWEET PET 900 ML;10.850,03;21,00
AQUA DANONE 1500ML;4.583,33;40,00
ADEM SARI CHING KU 320 ML(KALENG);7.083,33;33,00
ULTRA SARI KACANG HIJAU 250ML;4.083,00;0,00
ULTRA MILK UHT 250ML FULLCREAM;5.541,00;0,00
ULTRA MILK 250 ML COKLAT;6.250,00;0,00
ULTRA MILK 250ML COKLAT;5.500,00;0,00
ULTRA SARI KACANG IJO 250ML;4.500,00;0,00
ULTRA SUSU SLIM 250 ML CHOC/PLAIN/STRAW;4.791,66;-1,00
NUTRAFORGOLD COFFEE ORIGINAL;33.300,00;0,00
NINA ANION PL NATURAL 27 CM @10S;30.000,00;0,00
STREPSILS VIT C @8;17.539,20;36,00
PURE BABY LIQUID SOAP 80ML;29.197,00;0,00
NINA ANION NATURAL 24 CM @10S;24.000,00;0,00
STREPSILS MENTOL & VANILLA @8;17.539,20;32,00
CASABLANCA POMADE OIL WHITE 50 GR;14.100,00;2,00
DODO COTTON BUD @50PCS;6.600,00;0,00
STREPSILS COOL @8;17.539,20;37,00
TAS BELANJA JUMBO;5.000,00;0,00
GATSBY WAX TOUGH SPIKES 75 GR;20.600,00;0,00
HANSAPLAST ANTISEPTIK LUKA SPRAY 20 ML;14.554,32;11,00
PASEO ANTIBACTERIAL 25S;9.400,00;0,00
GATSBY;0,00;0,00
HANSAPLAST KASA ROLL ELASTIS 6 CM;5.384,61;1,00
NIVEA SUN AFTER SUN MOIS2200 ML;196.620,00;3,00
SRITI HAND SANITIZER;15.450,00;0,00
PASEO PURE SOFT 50S;8.600,00;0,00
PURE KIDS ITCHY CREAM 15 GR;25.641,00;2,00
GATSBY WAX SIDE BLOW;20.600,00;0,00
HANSAPLAST ROL KERTAS 2,5 CMX5 M;20.787,00;0,00
TESSA HANKY 6X10S;5.100,00;0,00
NIVEA DEO SPRAY PEARL & BEAUTY @150 ML;52.725,00;5,00
GATSBY WATER GLOSS 75 GR;10.878,00;0,00
ALTAMED GLOVE SIZE L @10;31.000,00;4,00
ASEPSO SULPHUR;7.849,92;0,00
PASEO SMART TISSUE 12S X6;933,33;0,00
TIGER BALM PLASTER COOL;16.400,25;25,00
NASALIN 100 ML;122.100,00;0,00
GATSBY ULTIMATE HOLD 75 G;9.800,00;0,00
NEXCARE DAILY SHOWER;19.261,00;2,00
PURE KIDS HAIR DETANGLER APPLE;58.741,00;0,00
NICE FACIAL TISSUE 60S;4.000,00;0,00
TIGER BALM PLASTER WARM;16.872,00;7,00
GOLDEN GINGER BROWN SUGAR 125 GR;31.955,00;0,00
HOT IN STRONG TUBE 120 GRAM;33.300,00;3,00
GATSBY SUPERHARD 75 G;9.800,00;0,00
NIVEA SUN POTECT & MOIS SPF50 200 ML;252.714,00;0,00
FRESH CARE MIX CITRUS @12;14.670,00;0,00
TISSUE BALIAN;6.907,55;1,00
ASEPSO ORIGINAL BODY WASH 250 ML;26.885,31;0,00
SISIR KUTU AYU COMBS;3.300,00;0,00
HANSAPLAST FROZEN @10'S;11.891,43;20,00
NIVEA SUN PROTECT&MOIST SPF30 100 ML;125.763,00;0,00
MINYAK ZAITUN SKIN FIRMING 55 ML;10.600,00;0,00
SUTRA LUBRICANT 30 ML;12.210,00;11,00
GUNTING M 2000;3.750,00;0,00
HANSAPLAST FINGER STRIPS @6'S;12.951,50;20,00
NIVEA SUN PROTECT& MOIST SPF50 100 ML;169.053,00;0,00
MINYAK ZAITUN OLIVE OIL 75 ML;17.441,43;0,00
PISAU CUKUR MONTANA GRK MATA 3;1.428,71;0,00
HANSAPLAST SALEP LUKA 20 GR;0,00;0,00
NIVEA SUN PROTECT & DRY SPRAY;214.596,00;3,00
HANSAPLAST AQUA PROTECT 4XL (ECER);22.400,00;3,00
SALONPAS JET SPRAY 60 ML;37.629,00;0,00
PURE BB TONGUE GUM WIPES STRAWBERRY;26.400,24;2,00
JAS HUJAN PLASTIK PONCO;7.000,00;24,00
NIVEA MICELLAIR 125 ML;37.595,00;0,00
HANSAPLAST AQUA PROTECT 4XL;134.399,91;4,00
HANSAPLAST AQUA PROTECT XXL (ECER);9.887,00;0,00
PURE BB WASH FRUTY 230 ML;45.334,00;0,00
MAMY POKO PANTS STD XXL@6;22.000,00;0,00
NEOPLAST 100'S;21.645,00;0,00
NIVEA DEO SPRAY BLACK & WHITE INV ORI FOR MAN @150 ML;48.840,00;4,00
HANSAPLAST SENSITIVE XXL @ 5'S;47.999,73;0,00
HANSAPLAST AQUA PROTECT XL (ECER);7.415,00;0,00
STREPSILS SUGAR FREE @8;17.654,83;36,00
MAMY POKO PANTS STD S@11;18.199,56;5,00
NIVEA DEO SPRAY EXTRA BRIGHTENING @150 ML;52.725,00;5,00
STREPSILS HONEY & LEMON SOOTHING @8;16.591,17;41,00
NIVEA DEO SPRAY BLACK & WHITE INV FRESH FOR MEN @150 ML;48.840,00;0,00
STREPSILS ORIGINAL @8;15.800,85;8,00
SABUN HERMIONE BRIGHT FACE & BODY SOAP;10.300,00;0,00
NIVEA EXTRA BRIGHT C & E VIT LOTION @180 ML;37.798,67;0,00
BANANA B ALOE VERA GEL @ 230 GR;156.000,51;8,00
MAKARIZO HAIR & SCALP CREAMBATH KIWI 30ML;6.400,00;0,00
NUFACE FACIAL COTTON @50;11.504,04;0,00
NIVEA SUN PROTECT & MOIS LOT SPF 50 @75 ML;111.540,00;4,00
CERAVE MOIST CREAM 177 ML;295.038,00;1,00
ELLIPS HAIR MASK KERATIN SILKY BLACK 18G;7.115,29;3,00
NIVEA LIP CARE 4.8GR STRAWBERY;30.445,00;2,00
GATSBY WAX HARD FREE 75 GR;20.600,00;0,00
NIVEA EXTRA BRIGHT FIRM & SMOOTH Q10 @200 ML;27.938,50;0,00
BANANA B ALOE GEL @ 90 ML;79.950,05;8,00
MAKARIZO HAIR & SCALP CREAMBATH ALOE & MELON 30ML;6.600,00;7,00
NIVEA LIP CARING 4,8 GR ROSE;32.917,00;2,00
NIVEA SUN PROTECT & MOIS LOT SPF 30 @75 ML;78.000,00;5,00
CERAVE MOIST LOTION 88 ML;144.966,00;4,00
ELLIPS HAIR MASK KERATIN SMOOTHSILKY 18G;7.044,13;0,00
NIVEA BODY RADIANT SMOOTH @100 ML;18.870,00;4,00
LOREAL ELS TOTAL REPAIR COND 175 ML;27.084,00;0,00
NIVEA LIP ORIGINAL CARE 4.8GR ESSENTIAL;30.445,00;3,00
NIVEA EXTRA BRIGHT ANTI-AGE SPF 15 @180 ML;48.840,00;0,00
BANANA B CLEAR ULTRAMIST SPORT COOLZONE SPRAY SPF 50 @170 GR;358.999,53;3,00
MAKARIZO HAIR FRAGRANCE CHERRY BLOSSOMS SPRAY 30ML;10.700,00;0,00
NIVEA LIP CARING 4,8 GR CORAL;32.917,00;2,00
CERAVE MOIST CREAM 50 ML;114.996,00;3,00
ELLIPS HAIR MASK REPAIR 120GR;38.144,04;20,00
LOREAL ELS EXTRA ORD OIL SERUM  30 ML;44.067,00;0,00
NIVEA EXTRA BRIGHT INSTANT GLOW SERUM SPF 25 @180 ML;27.999,67;0,00
BANANA B ULTRA PROTECT SPF 30 @ 90 ML;172.009,00;2,00
ELLIPS VITAMIN RAMBUT SHINY BLACK 1ML;6.000,50;0,00
AZARINE HYDRAMAX-C SUNSCREEN SERUM SPF 50 PA++ @40 ML;59.000,00;0,00
MAKARIZO HAIR FRAGRANCE OCEAN BREEZE SPRAY 30ML;10.700,00;0,00
CERAVE HYDRATING CLEANSER 88 ML;114.996,00;2,00
PROBIO C SPRAY;57.720,00;0,00
ELLIPS HAIR MASK KERATIN HAIR REPAIR 18GR;7.115,28;0,00
TOKYO NIGHT NAIL REMOVER 76 ML;15.500,00;0,00
LOREAL ELSEVE HYALURON PURE COND 175 ML;27.084,00;0,00
DETTOL COOL BOTTLE 300GR;43.917,00;0,00
VASELINE LIP CARE CREAM BRULEE SEA @7 GR;35.599,92;0,00
NIVEA DAILY PROTECTION LOT SPF 33 @100 ML;39.044,50;2,00
BANANA B ROA BB SPORT SUN LOT SPF 50+ (HIGH) @ 90 ML;279.999,72;2,00
SC SHAVE GUARD FOAM SENSITIVE @ 220 ML / 210 GR;65.300,19;0,00
NIVEA MEN DEO DERMA CONTROL 150 ML;51.615,00;0,00
AZARINE CALM MY ACNE SUNSCREEN MOISTURISER SPF 35 @40 ML;35.000,00;2,00
MAKARIZO HAIR & SCALP CREAMBATH GINSENG EXTRACT 500ML;76.700,00;3,00
BALI BOAT AFTER SUN GEL @100 ML;59.800,14;3,00
SD COTTON BALLS;13.875,00;1,00
ELLIPS HAIR VIT SILKY BLACK @6;11.299,99;41,00
OVALE FACE MASK ALL AROMA;7.500,00;0,00
TOKYO NIGHT NAIL REMOVER 40 ML;6.500,00;4,00
LOREAL ELSEVE HYALURON MOIST COND 175 ML;27.084,00;0,00
DETTOL SKINCARE BOTTLE 300ML;43.917,00;0,00
NIVEA INTENSIVE MOISTURE BODY SERUM 180 ML;32.350,00;2,00
BANANA B SIMPLY PROTECT KIDS SS LOT SPF 50+ @ 90ML;237.999,54;1,00
SC SHAVE GUARD FOAM LIME @ 60 ML / 60 GR;38.499,99;0,00
NIVEA MAN DEO DERMA CONTROL 150 ML;57.292,65;0,00
AZARINE AQUA ESSENCE SUN SHIELD SERUM SPF 50 @100ML;75.000,00;0,00
BALI BOAT AFTER SUN LOTION @100 GR;62.800,47;3,00
YAZ TAB@28;299.737,74;0,00
ELLIPS HAIR VIT SILKY BLACK @50;79.600,32;8,00
ELLIPS HAIR VIT SMOTH&SHINY@50;79.600,32;7,00
LOREAL ELSEVE TR5 SHAMPOO 200 ML;27.084,00;0,00
PARASOL SPF33 CR 100GR;117.105,00;2,00
DETTOL FRESH BOTTLE 300GR;43.917,00;0,00
NIVEA EXTRA BRIGHT CARE & PROTECT SPF 15 @70 ML;13.724,00;0,00
BANANA B SIMPLY PROTECT AQUA LONG WEARING MOISTURE SS LOT SPF 50+ @50 ML;168.000,00;0,00
HAWAIAN DARK TANNING SS SPRAY OIL SPF 4 @240 ML;176.000,49;1,00
NIVEA EXTRA BRIGHT SERUM 10 YOUTH PERFECT @ 170 ML;38.628,00;0,00
AZARINE CICAMIDE BARRIER SUNSCREEN MOISTURISER SPF 35 @40 ML;35.000,00;3,00
SELSUN BLUE FIVE 50 ML;25.474,50;0,00
GOOD HAIRSPRAY 90 ML;23.000,00;1,00
PROPOLIS SECREAT CLEAN;35.000,00;0,00
NAIL BUFFER;5.500,00;15,00
ELLIPS HAIR VIT SMOOTHSILKY @6;11.300,02;38,00
VASELINE LIP CARE ORIGINAL @7 GR;35.599,92;0,00
NIVEA EXTRA BRIGHT NIGHT SERUM VIT E @200 ML;37.185,00;0,00
BANANA B SIMPLY PROTECT AQUA DAILY MOISTURE SS LOT SPF 50+ @50 ML;168.000,00;0,00
HAWAIAN DARK TANNING OIL @ 240 ML;115.000,00;0,00
AZARINE CERASPRAY SUNSCREEN SPF 50 @50 ML;59.000,00;1,00
SELSUN YELLOW DOUBLE IMPACT 50ML;26.473,50;0,00
XPERT HAIRSPRAY EXTRA HOLD @100ML;48.000,00;3,00
PROPOLIS SECREAT CLEANT ORANGE;35.000,00;0,00
KIKIR KUKU IW;3.510,00;0,00
ELLIPS HAIR VIT SMOOTHSILKY @50;79.600,32;6,00
VASELINE LIP CARE ROSY LIPS @7 GR;35.599,92;0,00
NIVEA EXTRA BRIGHT REPAIR & PROTECT SPF 15 @200 ML;29.970,00;0,00
BANANA B ULTRAMIST ULTRA PROTECT LOT SPF 50 @ 170 GR;279.999,72;2,00
SAFE CARE AROMATHERAPY;15.150,39;0,00
AZARINE HYDRASOOTHE SUNSCREEN GEL SPF 45 @50 ML (BESAR);59.000,00;3,00
NIVEA DEO SPRAY DEEP FOR MAN @150 ML;48.840,00;3,00
NIVEA MEN DEO DERMA CONTROL 50ML;21.479,00;3,00
XPERT HAIRSPRAY BRUST OUT @100ML;48.000,00;4,00
ELLIPS HAIR VIT PINK;15.000,00;0,00
BATU GOSOK 4 FUNGSI;14.000,00;0,00
ELLIPS HAIR VIT REPAIR @6;11.299,98;36,00
VASELINE LIP THERAPY ROSY LIPS @4,8 GR;24.719,89;0,00
COOLING 5 PLUS ORANGE;37.740,00;2,00
NIVEA EXTRA BRIGHT REPAIR & PROTECT SPF 15 @100 ML;18.870,00;0,00
PISAU CUKUR SCHICK SC EXACTA WOMEN @2 PINK;22.900,41;10,00
BANANA B ULTRA PROTECT SPF 50 @ 90 ML;214.000,23;1,00
BANANA B.DARK TANING OIL SPF 4;167.000,00;0,00
AZARINE MILD PURIFYING TONER @90 ML;69.000,00;2,00
HMLYA LIP BALM REGULER;16.678,00;0,00
NIVEA BODY INTENSIVE MOIST LOT @100ML;18.870,00;4,00
NIVEA MEN DEO BLACK & WHITE 50ML;19.203,00;2,00
MANICUR SET Y003;15.000,00;0,00
ELLIPS HAIR VIT REPAIR @50;79.600,32;4,00
VASELINE LIP THERAPY ALOE VERA @4,8 GR;24.719,89;0,00
NIVEA EXTRA BRIGHT RADIANT & SMOOTH SERUM @180 ML;27.999,67;0,00
PISAU CUKUR SCHICK SC EXACTA REG @2 BIRU;14.699,73;4,00
BANANA B SPORT SPF 50 @ 90 ML;226.000,44;3,00
AZARINE MOISTURE RICH HYDRATING TONER @90 ML;69.000,00;2,00
MAKARIZO HAIR &SCALP CREAMBATH ALOE & MELON 500ML;76.700,00;2,00
HERBORIST CLEAN MILK ROSE @ 100 ML;13.732,92;2,00
NIVEA DEO ROLL ON BLACK & WHITE 50ML;20.535,00;5,00
ELLIPS HAIR VTLITY @50;79.600,32;6,00
ELLIPS HAIR VIT TREATMENT@50;79.600,32;8,00
NIVEA BODY RADIANT SMOOTH @200 ML;28.000,00;4,00
BANANA B SPORT SPF 30 @ 90 ML;163.770,00;2,00
AZARINE BRIGHTENING CREAMY FACIAL FOAM @50 GR;20.000,00;1,00
MAKARIZO HAIR & SCALP CREAMBATH ROYAL JELLY 30ML;6.600,00;7,00
HERBORIST ROSE WATER @100 ML;10.316,34;0,00
NIVEA SUN DAILY PROTECT SUN LOT SPF 33 100ML;39.044,25;3,00
ELLIPS HAIR VIT VTLITY @6;11.299,98;18,00
ELLIPS HAIR MIST FRESH & SMOOTH @100 ML;22.000,20;2,00
NIVEA EXTRA BRIGHT NIGHT SERUM VIT E @180 ML;28.000,00;0,00
SUNSILK COND SOFT&SMOOTH  90ML;15.800,00;0,00
BANANA B PROTECTIVE TANNING OIL SPF 8 @ 236 ML;196.999,47;2,00
AZARINE BRIGHTENING FACIAL CLEANSER @60 ML;32.500,00;2,00
MAKARIZO HAIR FRAGRANCE MORNING DEW SPRAY 30ML;10.700,00;1,00
HERBORIST MICELLAR WATER ALOE @100 ML;20.066,58;1,00
NIVEA B. SERUM INTENSIVE MOIST 180ML;35.908,22;0,00
BALI ALUS BATHSALT 70 GR CEMPAKA;8.400,00;3,00
ELLIPS HAIR VIT SMOTH&SHINY @6;11.299,99;36,00
SAMANTHA HAIR COLOR ALL;11.000,00;7,00
ELLIPS HAIR MIST ME UP @50 ML;12.800,52;3,00
NIVEA EXTRA BRIGHT INSTAN GLOW SPF 15 @200 ML;29.970,00;0,00
BANANA B PROTECTIVE TANNING OIL SPF 15 @ 236 ML;276.000,39;2,00
MAKARIZO ADVISOR ANTI FRIZZ & DETANGLING SPRAY 70ML;30.500,00;0,00
HERBORIST BODY LOT FRANGIPANI @145 ML;22.399,80;0,00
NIVEA DEO ROLL ON EXT BRIGHT 50ML;21.090,00;3,00
BALI ALUS ALOEVERA SOOTHING & MOISTURE 150 ML;38.850,00;0,00
ELLIPS DRY SHAMPOO FRUITY 50ML;30.249,44;0,00
NIVEA EXTRA BRIGHT 10 SUPER VIT & SKIN FOODS @170 ML;38.628,00;3,00
FRESH CARE PRESS & RELAX STRONG;12.831,60;0,00
BANANA B DEEP TANNING OIL SPF 4 @ 236 ML;118.000,00;2,00
PASEO BABY WIPES @60 SHEET;8.000,00;0,00
MAKARIZO HAIR & SCALP CREAMBATH GINSENG EXTRACT 30ML;6.400,00;0,00
BALI BOAT  SPF 50 LOT;143.800,50;3,00
SELECTION KAPAS 50GR;7.209,00;4,00
ELLIPS DRY SHAMPOO BREEZE 50ML;31.500,69;0,00
NIVEA EXTRA BRIGHT CARE & PROTECT SPF 15 @180 ML;27.999,67;0,00
BANANA B DEEP TANNING OIL @ 236 ML;109.999,89;3,00
CLEAN&CLEAR OIL CONTROL FILM;30.192,00;0,00
MAKARIZO HAIR & SCALP CREAMBATH ROYAL JELLY 500ML;76.699,89;4,00
BALI BOAT SPF 30 LOT;115.799,64;2,00
SELECTION KAPAS 35GR;5.253,00;4,00
ELLIPS DRY SHAMPOO BLOSSOM 50ML;31.499,58;0,00
NIVEA BODY INTENSIVE MOIST LOT @200ML;22.425,00;1,00
MAKARIZO HAIR & SCALP CREAMBATH OLIVE 30 ML;6.600,00;10,00
HANSAPLAST SENSITIVE XL 5'S;36.799,83;0,00
TENSOCREPE 3 INCH ( 7,5 CM );88.522,50;3,00
OPSITE POST OP 9.5 X 8.5CM;24.420,00;0,00
HANSAPLAST KOYO PANAS 9057 @10;8.569,20;0,00
URINAL PLASTIK (CEWEK);9.990,00;0,00
DENTAL FLOSS WAX;34.000,41;1,00
HANSAPLAST KAIN STD 2637 @100;31.079,00;5,00
SENSI UNDERPAD @5;39.140,00;0,00
ONEMED DERMAFIX 10X10;5.799,75;0,00
BALI ALUS BATHSALT 70 GR LAVENDER;8.400,00;0,00
BALI ALUS ESSENTIAL OIL 10 ML JASMINE;28.749,00;0,00
BALI ALUS HAIR VITAMIN HAZELNUT ARGAN;14.000,00;0,00
BALI ALUS LULUR SPA CR 100GR STRAWBERRY;15.540,00;0,00
THERMOMETER DIGITAL ONEMED;26.235,96;0,00
EAR CANDLE;4.321,80;0,00
ONEMED TONGKAT KETIAK S;254.751,00;1,00
OPSITE POST OP 6.5 X 5CM;12.765,00;5,00
KURSI RODA WCI;1.479.999,63;1,00
BALI ALUS ESSENTIAL OIL 10 ML HERB SPICE;25.900,00;2,00
ARM SLING M (WELDACO);24.975,00;0,00
BALI ALUS HAIR VITAMIN ALOEVERA ARGAN;14.000,00;0,00
TENSOCREPE 6 INCH ( 15 CM );140.803,50;1,00
BALI ALUS LULUR SPA CR 100GR SEAWEED;14.000,00;0,00
WOMAN CHOICE STRIP + WADAH URIN;19.800,00;0,00
BALI ALUS YOUGURT SUSU DOMBA MENGKUDU 110 GR;23.100,00;0,00
GOLDEN GLOVE (L);57.165,00;0,00
ONEMED DERMAFIX TULLE 10 X 10;4.649,79;0,00
HANSAPLAST AMPLOP 10928@30;5.531,13;0,00
SUTRA OK KONDOM@ 3;7.972,02;7,00
HANSAPLAST KOYO HANGAT 76539;8.569,20;0,00
TONGKAT KAKI TIGA PIRAMIDA;122.100,00;1,00
LEUKOMED T PLUS  8 X 10;21.645,00;0,00
WWZ;27.220,00;0,00
SUTRA OK KONDOM@12;28.354,95;7,00
DENTAL FLOSS MINT;34.000,41;0,00
BALI ALUS ESSENTIAL OIL 10 ML GREEN TEA;25.900,00;0,00
ARM SLING L;55.500,00;1,00
BALI ALUS HAIR VITAMIN FRANGIPANGI;14.000,00;0,00
BALI ALUS LULUR SPA CR 100GR MILK;18.648,00;0,00
BALI ALUS VCO SPRAY 100 ML;66.822,00;0,00
LEUKOPLAST 1622 (2,5 CM X 4,5 M);25.030,50;0,00
HANSAPLAST ROL KAIN 1,25CM X 4,5 M;11.769,33;6,00
HOT IN DCL 30GR GEL;14.874,00;0,00
ARM SLING JC 1900;166.999,50;0,00
EAR PLUG;12.000,21;0,00
SENSI POPOK DEWASA L;66.999,60;1,00
WALKER LQ ALUMUNIUM;346.875,00;1,00
ALTAMED NITRIL SIZE S (BLACK);52.725,00;1,00
HANSAPLAST KIDS MARVEL @10'S;11.325,33;2,00
LEUKOMED 72380-01  8 X 10;9.934,50;0,00
ONEMED MASKER KARET 5 PCS 3PLY;3.700,00;3,00
BALI ALUS ESSENTIAL OIL 10 ML FRESH;25.900,00;0,00
BALI ALUS HAIR VITAMIN ALMOND ARGAN;14.000,00;0,00
BALI ALUS LULUR SPA CR 100GR LIDAH BUAYA;14.000,00;0,00
BALI ALUS SABUN NATURAL SPA 110GR SANDALWOOD;25.641,00;0,00
LEUKOCREPE 3 INCH 8238;109.612,50;0,00
ONEMED DERMAFIX IV 6 X 8;2.575,00;50,00
HANSAPLAST TRANSPARAN@10(1215);9.352,86;5,00
HANSAPLAST SCAR REDUCER @21;15.040,50;0,00
ALTAMED SARUNG TANGAN S;31.000,00;0,00
IFREE;15.100,00;1,00
TONGKAT KETIAK SIZE L;206.999,46;1,00
SPINAL NEEDLE 27G BD;20.499,48;0,00
ALTAMED NITRIL SIZE M (BLACK);88.800,00;2,00
FIXOMUL TRANSPARAN TATTO KECIL @15 CM;1.833,33;71,00
HYPAFIX 10 X 5;193.195,50;0,00
ONEMED VERBAN  5CM;777,00;180,00
BALI ALUS ESSENTIAL OIL 10 ML FRANGIPANI;28.749,00;0,00
BALI ALUS HAIR VITAMIN OLIVE ARGAN;14.000,00;0,00
BALI ALUS LULUR SPA CR 100GR LEMON;18.648,00;0,00
HANSAPLAST KAIN ELASTIS 26370 @100;41.070,00;0,00
BALI ALUS SABUN NATURAL SPA 110GR PAPAYA;25.641,00;0,00
HYPAFIX  5 X 5;99.012,00;3,00
ONEMED DERMAFIX T  5 X 7;1.800,42;1,00
ALTAMED GLOVE SIZE M @10;32.960,00;0,00
HANSAPLAST TRANSP STP.1215 @10;10.288,59;10,00
TONGKAT KETIAK SIZE S;233.100,00;0,00
NEEDLE 23G BD @100;20.499,48;0,00
GOLDEN GLOVE PWD SMOOTH (L);44.955,00;0,00
ALTAMED HAND GLOVEM @M;31.000,00;0,00
KASA STERIL 16/16 10 POUCH ONE MED;8.547,00;0,00
SENSI CONVEX MASK 20PCS;143.000,00;7,00
HANSAPLAST PLST 0.5 X 1 (1989);3.932,00;0,00
BALI ALUS ESSENTIAL OIL 10 ML EXOTIC;25.900,00;0,00
BALI ALUS HAIR VITAMIN VCO ARGAN;14.000,00;0,00
BALI ALUS LULUR SPA CR 100GR LAVENDER;18.648,00;0,00
BALI ALUS SABUN NATURAL SPA 110GR MILK;25.641,00;0,00
ONEMED TONGKAT KETIAK M;233.100,00;0,00
ONEMED CAIRAN HYDROGEN PEROXIDE 3% 100ML;4.695,00;6,00
URNIAL PLASTIK WANITA;9.990,00;0,00
ALTAMED HAND GLOVE L;31.000,00;0,00
HANSAPLAST KAIN JUMBO @50 LEMBAR;31.079,00;3,00
SENSI UNDERPAD;39.140,00;0,00
BALI ALUS ESSENTIAL OIL 10 ML CEMPAKA;25.900,00;0,00
BALI ALUS HAIR VITAMIN CHAMOMILE ARGAN;14.000,00;0,00
BALI ALUS LULUR SPA CR 100GR JASMINE;14.000,00;0,00
BALI ALUS SABUN NATURAL SPA 110GR MANGO;25.641,00;0,00
URINAL PLASTIK WANITA;7.770,00;2,00
DISP SYRINGE  1ML TB TRM@100;960,15;49,00
STIKPAN PLASTIK;38.850,00;0,00
ONEMED KASA STERIL 16 X 16;7.215,00;6,00
BALI ALUS CREAMBATH 125 GR SEAWEED;18.900,00;0,00
BALI ALUS FOOT MASSAGE 100GR;24.864,00;3,00
FAMILY DR ANKLE SUPPORT BROWN SIZE L;93.108,00;2,00
BALI ALUS LULUR SPA CR 100GR GREEN TEA;18.648,00;0,00
BALI ALUS SABUN NATURAL SPA 110GR LEMON;25.641,00;0,00
ELASTOMULL HAFT 10 X 4;80.308,50;0,00
HANSAPLAST KAIN ELASTIS MIX @20;12.229,98;0,00
ONEMED ICE BAG;27.500,25;1,00
TONGKAT KETIAK SIZE M;233.100,00;1,00
BALI ALUS CREAMBATH 125 GR MILK;20.979,00;2,00
ONEMED DERMAFIX T 10 X 25;14.499,93;0,00
BALI ALUS ESSENTIAL OIL 10 ML EUCALYPTUS;28.749,00;2,00
FAMILY DR KNEE SUPPORT BROWN SIZE M;93.108,00;1,00
BALI ALUS LULUR SPA CR 100GR FRANGIPANI;18.648,00;0,00
BALI ALUS SABUN NATURAL SPA 110GR JASMINE;23.310,00;0,00
UNDERPAD 60 X 90 HIJAU ONEMED;37.595,00;0,00
BALI ALUS BATHSALT 70 GR JASMINE;8.400,00;0,00
DISP SYRINGE 50ML ONEMED;5.200,35;4,00
BALI ALUS CREAMBATH 125 GR GINSENG;18.900,00;0,00
ONEMED DERMAFIX T 10 X 12;7.099,56;0,00
BALI ALUS ESSENTIAL OIL 10 ML TEA TREE;25.900,00;3,00
FAMILY DR KNEE SUPPORT BROWN SIZE XL;93.108,00;1,00
BALI ALUS LULUR SPA CR 100GR COFFEE;15.540,00;0,00
BALI ALUS SABUN NATURAL SPA 110GR GREEN TEA;25.641,00;0,00
ALKOHOL SWABS BRATACO;8.956,00;0,00
DISP SYRINGE 10ML MEDIJECT;1.299,81;11,00
FAMILY DR ANKLE BASIC (L);101.000,01;0,00
DENTAL FLOSS TOOTHPICK 50 PCS WAX;38.850,00;4,00
LEUKOCREPE 6 INCH 8245;166.666,50;2,00
LP ANKLE WRAP 634;109.620,27;0,00
BALI ALUS BATHSALT 70 GR GREEN TEA;8.400,00;0,00
KRUK KETIAK M GEA;225.000,33;0,00
LEUKOPLAST 1624 (2 X 5);48.063,00;0,00
BALI ALUS CREAMBATH 125 GR AVOCADO;18.900,00;0,00
BALI ALUS ESSENTIAL OIL 10 ML VANILA;25.900,00;0,00
BALI ALUS LULUR SPA CR 100GR COCONUT;18.648,00;0,00
BALI ALUS SABUN NATURAL SPA 110GR FRANGIPANI;25.641,00;0,00
DISP SYRINGE  5ML TRM@100;850,26;12,00
CHLORAETHYL KLG;111.000,00;0,00
ALKOHOL SWABS ALTAMED @100 PCS;10.167,00;3,00
BD ULTRA FINE (PEN NEEDLES)4 MM @100;3.005,00;18,00
LEUKOCREPE 4 INCH 8240;129.870,00;0,00
BALI ALUS BATHSALT 70 GR FRANGIPANGI;8.400,00;0,00
PISPOT SODOK BIRU BESAR RRC;35.000,52;1,00
BALI ALUS CREAMBATH 125 GR ALOEVERA;18.900,00;1,00
BALI ALUS ESSENTIAL OIL 10 ML ROSE;25.900,00;1,00
BALI ALUS LULUR SPA CR 100GR CENDANA;18.648,00;0,00
BALI ALUS SABUN NATURAL SPA 110GR CINNAMON;25.641,00;0,00
MAMY POKO NEW BORN@14;36.300,00;2,00
DISP SYRINGE  3ML TRM@100;3.311,68;47,00
ELASTOMULL HAFT  8 X 4;68.320,50;2,00
NEOPLAST HYDROGUARD 10'S;3.875,00;0,00
PREGCY CHECK STRIP;18.164,00;0,00
EAR PLUG SOFT FOAM @1 PAIRS;22.200,00;1,00
ONEMED ALKOHOL SWABS @100;9.800,19;0,00
BALI ALUS CONDITIONER VCO 130ML;20.202,00;0,00
BALI ALUS ESSENTIAL OIL 10 ML RELAX;28.749,00;1,00
BALI ALUS LULUR SPA CR 100GR CEMPAKA;18.648,00;0,00
BALI ALUS SABUN NATURAL SPA 110GR CHARCOAL;25.641,00;0,00
DISP SYRINGE  1ML INS 40IU TRM;7.313,00;0,00
ALTAMED GLOVE SIZE M @100;66.600,00;0,00
HANSAPLAST AQUA PROTECT 6 LMB;13.909,41;26,00
HYPAFIX  5 X 1;24.200,22;1,00
EAR PLUG SILICON @3 PAIRS;79.032,00;2,00
UNDERPAD;36.500,13;0,00
BALI ALUS BATHSALT 70 GR STRWBERRY;8.400,00;0,00
BALI ALUS ESSENTIAL OIL 10 ML PAPPERMINT;28.749,00;3,00
BALI ALUS LULUR SPA CR 100GR BOREH;14.000,00;0,00
BALI ALUS SABUN NATURAL SPA 110GR BLACK TEA;25.641,00;1,00
HANSAPLAST KAIN ELASTIS FUN;7.057,38;20,00
FAMILY DR BELT BASIC XL;328.999,56;1,00
SENSI POPOK DEWASA M;45.843,00;0,00
HOT AND COLD ALL PURPOSE REUSABLE GEL PACK;39.405,00;4,00
HANSAPLAST ROL KAIN 5CM X 4,5M;40.153,00;0,00
SENSI MASK DUCKBILL @3;8.325,00;3,00
BALI ALUS BATHSALT 70 GR SANDALWOOD;8.400,00;0,00
BALI ALUS ESSENTIAL OIL 10 ML LEMONGRASS;28.749,00;2,00
BALI ALUS LULUR SPA CR 100GR BENGKUANG;18.648,00;0,00
BALI ALUS SABUN NATURAL SPA 110GR AVOCADO;25.641,00;2,00
HANSAPLAST KAIN ELAST 76109@10;6.388,05;0,00
SENSI POPOK DEWASA XL;65.379,00;1,00
TENSOCREPE 4 INCH ( 10 CM );107.004,00;2,00
HANSAPLAST ROL KAIN 2,5CM X 4,5M;11.183,00;0,00
ANTIS DOUBLE ACTION SPRAY 55 ML;12.040,17;8,00
PURE BABY RASH CR 50 GR;58.974,30;2,00
BALI ALUS BATHSALT 70 GR ROSE;8.400,00;0,00
BALI ALUS ESSENTIAL OIL 10 ML LAVENDER;25.900,00;1,00
BALI ALUS LULUR SPA CR 100GR AVOCADO;14.000,00;0,00
BALI ALUS LULUR SPA CR 100GR TURMENIC;14.000,00;0,00
KOTAK P3K + ISI ONEMED;32.499,69;0,00
OMRON AUTOMATIC BLOOD PRESSURE MONITOR 7121J;429.362,43;1,00
OPSITE POST OP 25 X 10CM;52.503,00;0,00
OPSITE POST OP 20 X 10CM;46.620,00;1,00
OPSITE POST OP 15.5 X 8.5CM;31.080,00;5,00
THERMOMETER DIGITAL OMRON;63.499,77;0,00
DUODERM EXTRA THIN;56.876,40;0,00
FIXOMULL 7221701 TRANSP.10 X 2;174.353,00;0,00
GUNTING LURUS TU/TU CBR;36.075,00;0,00
SENSITIF COMPACT PACK;50.305,00;0,00
CUTICELL CLASSIC 10 X 10CM;19.569,00;4,00
SENSITIF TES HAMIL@25;23.310,00;3,00
FIESTA MAX DOTTED@3;13.875,00;7,00
SUTRA PLUS @12;28.354,00;2,00
FIESTA DURIAN KONDOM@3;11.201,00;1,00
SUTRA LUBRICANT 50ML;17.316,00;16,00
FIESTA DELAY KONDOM@3;13.875,00;0,00
TISSUE SUPER MAGIC MAN HITAM;11.100,00;0,00
DUREX INVISIBLE KONDOM@2;42.647,23;5,00
DUREX PLAY 100ML;112.841,49;2,00
DUREX PERFORMA KONDOM@ 3;32.452,89;4,00
DUREX PLAY  50ML;70.159,96;1,00
DUREX PLEASUREMAX KONDOM@3;32.322,63;2,00
FIESTA STRAW KONDOM@3;12.654,00;12,00
DUREX EXTRA SAFE KONDOM@ 3;25.943,05;1,00
DUREX CLOSE FIT KONDOM@ 3;25.975,11;5,00
DUREX LOVE KONDOM@ 3;9.998,00;4,00
FIESTA MAX DOTTED @12;49.284,00;1,00
FIESTA BUBBLE GUM @3;12.654,00;3,00
DUREX FETHERLITE KONDOM@12;93.576,33;3,00
DUREX PERFORMA KONDOM@6;57.495,84;1,00
DUREX NAUGHTY CHOCOLATE KONDOM @3;19.900,08;2,00
DUREX FETHERLITE KONDOM@ 3;31.387,47;2,00
DUREX EXTRA SAFE KONDOM@12;87.742,48;0,00
DUREX CLOSE FIT KONDOM@12;25.975,11;0,00
DUREX LOVE KONDOM@12;33.998,61;0,00
FIESTA ULTRA THIN KONDOM@3;13.875,00;10,00
HUKI COTTON BUDS SACH@100;5.106,00;5,00
NOURISH ACNE PLAST GIRL;15.540,00;14,00
CINDERELA COTTON BUDS@ 60;2.458,00;0,00
MY BABY M. TELON 90ML LAVENDER;21.305,00;0,00
LIFREE POPOK CELANA M@5;48.819,10;0,00
MAMY POKO STD XL@7;22.000,00;0,00
CINDERELA COTTON BUDS@100;3.887,00;0,00
BIOTRUE MPS 60 ML;39.405,00;0,00
BIOTRUE MPS 300ML;102.120,00;0,00
POLIDENT FRESH MINT 60 GR;83.472,00;3,00
POLIDENT FRESH MINT 20 GR;33.966,00;4,00
SUSU BINTANG ETAWA 200 GR;116.550,00;0,00
SGM EKSPLOR GAIN OPTIGROW VANILA 800GR;158.762,19;0,00
PEDIACOMPLETE VANILA 400GR;190.698,00;0,00
